Country,1990,1991,1992,1993,1994,1995,1996,1997,1998,1999,2000,2001,2002,2003,2004,2005,2006,2007,2008,2009,2010,2011,2012,2013,2014,2015,2016,2017,2018
Singapore,23.458123901425992,22.937191774508044,25.505324236434355,26.10555517160102,26.826180855021633,26.30155828930352,27.602334593037195,28.772103967347007,28.47821088390164,30.434056638971708,31.137914246352988,31.45230124997221,30.872017145799155,30.698746435450733,33.27602129665363,33.45006120829057,34.80738361849108,35.95215010071701,36.4012368485654,36.26212588768124,39.48406179408328,40.89752315339967,39.93270884906494,39.626519819186754,39.214044438074026,40.697365601674576,42.5928208010903,44.29415423716643,43.97131525202016
Brunei,60.9166879256631,57.924630364226466,57.54176889823578,57.475752971414785,57.591586860688466,57.95794178626243,57.48145230122776,59.23798411344971,69.24969056982155,54.77999104882071,55.55789006081053,54.40584406991004,53.694449170504384,55.84568137109215,53.91810457552708,53.0796029711431,57.5808481561705,54.51146367547011,53.63477747497483,52.33106365687076,49.095035431794436,46.40742518803008,45.38881244721139,44.4099363523518,43.53576814763116,40.56262261577098,40.06755742738648,39.813324978032,40.12029093621783
Qatar,30.297622172064457,33.89733130332366,33.75030026059592,35.2158315702153,36.781817751516634,38.03703205978417,39.46177355984621,41.69468728984533,42.9866960617587,45.41741602773775,41.87575004177448,44.226707402932945,51.08664444694105,49.765984003895625,48.252297791677506,53.442876786725364,49.81891143478465,47.864443169591304,44.136788545734234,40.152416033412614,39.02864201335,38.03302974366632,39.6024184933322,38.10271341135908,37.804946482639494,37.537397084937176,37.741407688954745,38.94335102195559,39.16335512111018
United Arab Emirates,54.04069158521732,60.000237461148004,55.85291384057223,54.48810129145221,55.862659013754055,55.69129878319688,54.806368030511344,55.252734467561666,54.01295457793115,52.06287598671491,48.818356467810034,49.898235455481874,47.993988678178965,48.2740654392552,47.46131141182777,44.320000209231374,40.38925529209241,37.32788920326427,36.476551332494346,31.958852992560153,30.723983795083928,30.402006174736872,31.294309813229592,32.39540991277582,33.0620775669506,35.30969148309557,36.142602666923054,36.46806024871812,35.10862773266981
Bahrain,31.738542164471784,29.602049583923478,32.518802023392126,33.41961761392882,33.64326134027184,34.38011133621195,35.72039587945274,35.9203734239663,38.325101801051666,38.0023250699092,38.217902228374534,37.717726327861804,37.516663492668066,36.99717994421529,35.23545332507477,36.47274890711089,36.51832228567136,34.90603557789954,34.81826052240848,33.229964348248004,33.1543182814555,32.67214488406318,32.98608707157704,34.42509632867412,35.46961880076912,35.39008917136165,34.19851268732558,33.19775352943657,32.304516260577024
Botswana,42.73537484962184,41.04587049439766,40.12347263485293,38.85327100799794,38.10856023558273,37.824000304933456,37.88734678253288,36.78208077775989,35.82880608087055,35.112342106243716,34.27181222551972,34.69331941619682,34.30055783137407,29.595470907012103,29.44719809825135,29.676328472878033,30.083157625832627,28.553025447650654,32.547937081992615,27.243478995339128,32.10699378895741,34.17673659798572,28.359182977037594,27.790827960132862,26.86942903420873,26.293006701510244,25.445327962776485,26.674817557308682,25.491700113616854
Australia,33.091514260098094,32.667206665123814,32.41611889111174,32.116941189788875,31.971436572388686,32.08388667552014,31.680956801922342,31.93983906680348,33.00785634118967,34.52657719539258,35.09528533389026,34.840055632823365,34.069837263502855,29.77773756747791,32.07021274481553,29.87771392707945,31.812406089506666,31.609498934106668,29.61429136155714,29.736258568945726,27.846630431082414,29.392985432781987,28.854818216228807,24.56618950888764,24.718340499187118,24.3487622499081,24.444308764446077,25.945192761848094,25.432011159087445
Guyana,12.969086755656486,13.230764684469769,13.14460670374942,13.220339432546433,13.51963905462672,14.52781959232784,14.997351475615831,15.515023582571985,15.800408077709882,15.966897699806315,15.628389833913204,16.6396942590371,16.541597687398713,16.882688131926532,17.378780991153718,16.9267552629745,16.627921777753958,17.026646500829898,17.233183586296473,17.239119561117963,17.546668801622566,27.76488672644273,28.012094446827327,28.013344203265984,28.099050134207356,28.145779501272425,24.50208267702755,24.496335224414295,24.621088128861487
Suriname,10.810303848517533,10.823008699568291,10.840159939903677,10.513330903585747,10.457390157182617,10.501277579998687,10.575470708846582,10.32664340052624,10.329724816130899,10.271176243070178,13.313684854250187,13.995727840797022,12.794777574093581,13.136914935913987,13.672824501701507,13.91500037039929,13.655470500225611,13.322091392285708,13.497781954741821,13.591709630615183,14.117620377755017,22.422488260893125,23.094816229928295,22.52898345499228,23.098695411709844,23.107079494076576,24.02267372181496,23.48812710231884,23.07343742133069
Turkmenistan,21.69936954020898,18.734884624357512,14.646743471467955,13.428779225234736,14.123576433651147,14.256717399730645,13.432580643882204,13.43015412875635,13.78278395922308,15.19435269840822,15.67050358182939,16.174100099318878,16.99342605603709,18.400894205705114,19.162749638771643,19.07395115352291,18.918470539367675,19.629817775333862,19.409351944430092,17.494173767205883,18.385319578841923,19.935926723921334,20.919128017849978,21.55272012248117,22.175780286715533,22.927854702087927,22.497642771905973,22.071439699447712,21.627434539153107
Grenada,19.30902748941118,19.489539922456512,20.069781085003243,19.748763157358958,19.729226433137047,19.74353349420657,19.999405958238864,20.085263914460405,20.28954255412995,20.40437766648117,20.22618318309558,20.534278685031286,20.745686826971326,20.86478274665154,20.7961972667855,20.925299547096255,21.15534887266767,21.391289466929067,21.52536104763079,26.657339748740398,21.46346973933181,21.53840391062499,22.61474891114172,21.447324631142997,20.9366391184573,21.07606543616507,21.13129517607901,21.195230622147662,21.534513544311746
Palau,0.6638783774812455,0.6475845097785261,16.39447632259285,15.965612526865213,15.536301165222588,15.153281268213078,14.773566679924995,14.986678507992895,15.20995165408224,14.915037553933837,15.180067001675042,14.956162970603403,14.764280623154464,15.142337976983645,15.104979608277528,17.691063485644964,16.372473778459963,16.702333107155905,15.501389779773358,14.215418261344997,14.481452601091679,16.33986928104575,16.444570456478594,17.042549565414987,17.588652482269502,16.982734220209455,19.753922564623547,20.776012128698973,21.216012506281057
Canada,22.822825121885565,22.39150392582485,22.698671444458732,22.362045579318693,22.84051230139118,23.148686122401745,23.740453379978494,23.92567525363182,24.300308275465706,24.018720787008814,24.31749220240157,31.245384160654,31.46006105405538,31.735213987296433,31.303052489061354,31.3865448603331,30.622169160988793,31.26514087906224,30.194196080394097,28.750572981954953,28.86143813026415,24.170828270139708,24.036258107700068,24.088336461063115,24.03559964201698,23.749886143728123,20.328452741519147,20.491009855030587,20.708115849328983
Malta,7.962278002089392,7.695584658302299,7.643804166281303,9.129886778631217,8.244463002638764,7.895733919066077,7.475553098801016,8.75151192164915,7.630675314765358,7.740377420803038,12.535665120857658,13.61226172181117,13.258613679353687,15.228986758057314,15.824835272187169,13.223255099867767,14.063378961185075,15.047058939231519,15.340308125233586,16.364548811206443,19.179364451349553,18.18539979051957,17.26075404496843,16.245389901095624,16.292416662447824,16.73957933100103,17.239258953434238,19.551323827615015,19.78829209912717
Saudi Arabia,12.398216903931099,13.482627568199385,13.969472106361245,14.05482326845067,14.403928743485606,14.314770433059227,14.744263678123225,13.66146827007671,14.33380607210091,14.396471995313979,14.7189486562033,14.632607647177622,15.172442764202247,15.322858779661876,15.683003694426146,15.919432906417592,16.463990806224086,16.9540189835935,17.96625417390362,18.204449269690997,19.290725062567766,19.477075354599545,20.074494495025984,20.045881716320395,20.91918054515886,21.39753240432874,21.070513385401174,20.437940239175138,19.58445120676626
Luxembourg,31.321199423857536,32.144702842377264,30.930069484286353,31.020818919428894,28.764658435192654,23.322116855307435,23.199951717061982,22.100369531529385,20.461502236873088,21.394970671932168,22.461608984643593,23.713266519449636,25.460861769485067,26.14972433186458,29.12059725602768,29.215879335623594,28.161146926711197,26.72955647269856,26.112759643916913,24.32786977458049,25.130534783303382,24.693882669331547,23.44871229842583,21.95597762073027,20.725518991801465,19.627671153994704,18.91707072338466,19.049663277078693,19.34369602763385
Oman,8.713368260383476,10.582116750740985,9.443989528415669,9.101850967083731,8.364301885668326,9.009797814874513,9.053710635360352,9.743265834251579,9.862962112636716,11.353063420163572,12.323779868631593,13.433791191912361,14.022254010947124,14.03926972328809,13.428614889896808,13.284199845973367,16.851670810805995,17.763312887960915,18.37179511413487,18.15251169430628,18.816775633870197,18.9874079619772,19.753970162071177,19.193557169627642,19.139587634753696,19.12197783115997,18.681836579920105,17.67923451850715,18.83434144822337
Central African Republic,22.97683433449482,22.6680011547653,22.20505562922322,21.73236494090241,22.057296658997384,21.631185647145124,17.752668719120617,18.3938837978182,19.55985999076388,18.167412821572903,18.198444630442467,19.92199926061575,18.339724927797032,21.514047900319103,18.237912584791015,19.396391622383234,18.90932049561992,19.20912890983429,18.952264349805585,16.32230371334715,17.96768233538838,18.82253789006072,18.08894622252086,18.156699329690454,17.84877864221599,18.56150144296756,20.07632529641229,18.879365921362883,18.684739224772976
United States,22.731479070438223,22.29025104652128,22.329463499068275,22.405941851115156,22.46980534040726,22.464454442349723,22.811384069429906,23.418507502099708,23.274232021286622,23.04959862385321,23.36866904642376,22.880913466521292,22.201740860717997,22.16140707879229,22.296283723664043,22.173373753533216,21.667477400422317,21.79644687344761,20.9615800137251,19.34605867547767,20.012501780356214,19.071646484365452,18.065223131425007,18.37986766478829,18.311433214835052,17.80622283800017,17.995259288451262,17.72220191669021,18.17165196164846
Belize,70.53968457084359,70.47338021094927,70.5008130750705,69.47501581277672,68.67348608432212,61.65383017172235,54.33866891322662,47.929594945278126,41.99819325249297,35.693512819118,30.40718127047026,16.662223407091442,16.616676893291206,17.073206942114407,15.188994488564857,15.29256724853593,14.965435336276078,15.148931047282723,14.568707589416665,17.765489186569418,14.389158513327027,21.984277910342907,20.621240765559865,20.161581917635456,19.356700984248626,19.477676864509622,18.539681160915205,18.33544009047968,17.960117054018706
Trinidad and Tobago,12.717822394340937,11.74022136378577,10.892021816388167,11.23347043474415,11.61239412993877,11.736565141125817,11.792799791975966,12.215856324384564,12.530722462330555,13.521350521034838,13.897229945097655,14.799937403027775,15.71393897636254,15.19986537484691,16.463648589466832,18.904787284505865,20.89743825966257,20.849096258932324,20.137715499041803,19.418269525581014,20.78840848582684,21.43423790207906,20.545592178546624,21.533447390426886,20.677703094021524,20.46949206469673,18.823095568042987,18.460182362036328,17.930108551985445
Equatorial Guinea,9.66153611267498,9.495337812237205,9.278532605657894,11.110222485447554,10.832834132402697,10.548183457871682,14.074022378858725,16.590270645100556,18.621440440038963,20.798776138131377,23.425385199115773,26.042408756581843,29.90637739448471,33.21828534812938,37.42246659106854,39.398180452472026,38.725598921087986,34.7091224628386,34.5360746899246,33.474232715794,31.579839769403588,29.95355982250793,28.520419592490626,26.291048408973516,23.684076868997117,21.539053975996406,19.058889169596956,18.010979328181755,17.78503032164319
Mongolia,15.772805668503699,16.547049981108408,15.413450888011786,14.744635462416865,13.852377245968494,14.168737655117436,13.804886619058946,14.620609107847436,14.33988759871408,14.236849325906437,14.594874400239926,13.097238627637529,12.217278465133278,11.97764874340004,11.7649697924286,12.68984800285304,13.68581404019143,14.549974381404407,14.40404817966039,14.563575204372514,13.316656261880023,14.077608048349003,15.013994416394247,15.566751556241396,16.1082353693449,16.34186923636446,16.76505173804901,17.371124816461492,17.617107236293826
Estonia,24.273917360343724,22.013509133973052,17.10922574067684,13.733763104633606,13.37423094753281,12.362230046066014,13.16761726879317,13.047190674045307,12.797982333878727,12.120174588057921,11.796833895854286,12.196395831757455,12.034654003697396,13.518442862145442,13.812337161939011,13.987562510379952,13.372339082721394,16.52892561983471,15.443986567845096,12.791163831054728,15.809534538763401,11.503353449763038,11.166587031335999,13.0576928475558,11.83679524093888,9.913281592693364,16.13479354608258,16.699762559739604,16.407244604104307
Libya,23.94141723182491,22.80466832224055,21.65389206724898,21.35165906996522,22.00882371539841,21.98312478429097,22.179539900634868,21.760419288129288,21.73078913957005,21.109110617842838,21.18556678903442,21.474306980996094,21.999252589495356,22.24873210693981,22.6035579019373,23.327984354884737,23.243235713895015,22.52130871298152,23.169833991886108,23.36327090357381,23.80089152902213,18.49718236499506,19.025570691553007,17.453147373167624,16.169344450733483,13.291650534447125,13.406940063091483,14.80992286105949,15.585683451460007
Seychelles,7.912872084825989,7.95014125697412,8.196373811172506,8.16575090307669,8.355232127215148,7.967704238818657,8.505960715547587,10.476079618205098,11.034167871547067,11.814450938937943,12.572259678791092,13.300165020565997,11.22750020902261,11.47606334786968,15.641103364655956,14.120543580583648,14.893617021276595,12.465748591723214,13.110078660471963,13.975119704918784,12.587724184025843,12.236822543200558,13.136586525939096,12.562674404384707,12.69716174651649,13.487620291375416,13.730895571258067,14.920234132904854,15.501953246109009
New Zealand,14.289146495285003,13.407341706961175,13.4920859642665,13.095571356586976,13.522099447513812,13.68759187673545,13.617363344051444,14.050723296220877,13.572739187418087,14.056999817475424,13.956502579257071,15.415539234634712,15.560339369380777,15.86958680969408,15.322324159021406,15.578509397905128,15.435167041055298,15.014915478952602,14.92793088877412,14.098452098731,13.919599144965177,15.0889598540146,15.516889362764,15.326084509578802,15.157754898704752,14.8739532260164,15.72304363505229,15.805218547448895,15.430763579969797
Antigua and Barbuda,8.63544048742264,8.52232375361015,10.70447881599156,9.881873603235173,9.821282421392539,10.0477632805219,10.117419060647515,10.319773522808093,10.789549160736968,10.981064359750384,10.920046837791256,11.397192146298503,12.00541520856216,12.482505579301737,12.321555254085405,12.398418894699368,13.05688206492172,13.685751347748992,14.286718036396,30.319449408021395,14.19970464614336,14.453781512605042,18.02957735573573,13.87826467052781,14.044640349171367,14.106934840922936,14.282691493863732,14.566413413675662,14.956066554496168
Kazakhstan,19.01884022510399,19.495844535562288,19.54912968140886,16.985261654711113,15.708762284799619,14.012177228182445,12.42503399135216,10.805114381679628,10.948377217077903,9.949509571504572,9.915594492901125,9.915646672389604,11.07413526179646,11.780117793129111,12.840884930004588,13.553152898829202,14.80851458559317,15.17289374866961,17.829188401450267,15.551032628087231,16.934332042304955,17.200973932672923,16.966917161592153,17.49752620270398,14.398189294079778,14.29246837706579,15.339392847779779,15.640509118197278,14.944913815876298
Barbados,13.336756945269475,13.401447814533126,14.340598729506638,13.41574796584669,14.08115729747483,14.400932488578896,14.45438443420072,15.362644164618935,15.631149427847951,15.714259303765877,15.763633885919907,16.07374841280909,16.20200202616459,15.966113928065003,15.729267699058786,15.814997104806022,15.893323722857915,15.644005583044194,16.967558029048458,29.66841807567937,15.737370228723536,16.219826352447285,18.364598974966338,15.336236431299993,14.640568770297552,14.614810375463941,14.695694161610648,14.498880267198643,14.687412782584426
Russia,19.714142667342042,18.943999811960325,17.324500040888474,15.57887008593638,13.65574094189803,13.108675204533203,12.84049907920909,11.957716818877248,11.868021232961018,12.128130399084396,12.582124110713442,10.06484044464094,10.264165958112665,10.861838998005497,11.216284476348543,11.312314774284577,11.872801886243165,11.95062244059411,12.223350704443279,11.157167112432523,12.001794784422998,13.24599868937598,13.350677538295786,13.092811259827439,13.2479794992155,12.829147503342716,13.623301544590534,13.787508381071493,14.16057805784622
South Korea,5.841245350429586,6.437359235456711,6.993240050816539,7.679892678359008,8.359030624839555,9.061940468752672,9.705504581130398,10.239680999826346,8.770159197379849,9.554949615992577,10.675817200993249,10.558544825810609,10.345738929060285,10.524649771685779,11.01626975907814,10.990034754078177,11.137675952735906,11.224921194262434,11.429687849737075,11.593086575389083,12.660099730976917,13.231367317919961,13.236492943515193,13.172012322380347,12.88735086973903,13.30786445784213,13.664779803225846,13.872731487736118,13.946656818320234
Paraguay,17.800769188331806,16.655330859451066,16.098918812270544,15.756715262677044,15.38116661123132,15.443270213475945,15.101363889878915,15.00771493784833,14.724423631123923,15.020092608887527,13.860078952480105,16.54802611872799,16.292603812248757,16.298646738326745,15.644206251539988,15.624745132076313,15.414634212336713,15.805802518325628,15.220439853610152,15.34400719017127,15.572940982714996,17.436111665001835,17.39310535995428,17.410944210788088,17.46186543150688,17.287246368751333,13.911433637489491,14.163270500991837,13.727580908124978
Iceland,14.598196416378235,13.576573815831837,12.717529121992515,12.626789269125036,12.893718916927611,12.599638087546921,13.684570646595963,13.646690861880735,14.26762562626119,14.09613491911847,14.366743123344179,13.159372280396395,13.285893650247111,13.12512736554516,13.523969952820176,13.210484811312488,14.582825842215799,14.443167739740536,13.609985696913176,12.11934731349235,11.885260076531013,11.190731441253362,11.131343618653265,11.428077241447474,11.63763875058799,12.272720402641962,12.819022236531831,13.482818870122307,13.69354248825559
Ireland,15.714401984761412,15.782764869908197,15.695123973212906,15.935637807195839,16.232237982211384,16.44572315599385,16.72572721449563,17.024248463122703,17.779532716925925,18.064944313737186,18.650921087971273,19.13226871668439,18.644707062429884,18.4160173310737,17.85143069414205,17.800848767546636,17.584743135222812,16.804040607946185,16.164225141796138,14.602982112835214,14.356968129372795,13.268315602945274,13.512241351458941,13.287725982175761,13.285413097339053,13.617734062646681,13.902280280989668,13.710147797514992,13.561889139723004
Netherlands,16.38095416449576,16.710907472017873,16.59821158435702,16.765456527926602,16.688077973648294,17.01597114329343,17.765045267704874,17.26833924276055,17.20229227229357,16.420348786320947,16.310934536300337,16.46373155479996,16.33111397046826,16.06934650584624,16.38457320910694,16.219493932181315,16.118828581812874,16.160719866856276,15.841326001440018,15.056512890078563,15.468185707783999,14.84268265988637,14.428561521058658,14.266474463403464,13.767559434303262,14.079166711678678,13.996805930883012,13.681977125373352,13.183319227485464
Malaysia,11.58746752048162,11.69928133140381,11.758880072579313,11.654152104750237,11.75572048325547,11.833496977001312,11.949973971837629,12.144532317014635,13.301139285650818,12.002845556959173,12.215957643298868,11.597227479811036,12.12265614844043,12.261718889334839,13.019117770178749,13.28967796216634,12.889878365560065,13.563062213928424,13.718239052918301,13.41083433886047,13.650014811386319,5.6664763996406124,5.585143264343024,6.209592389922088,7.1695458131399326,6.630776389190103,12.601413892521903,12.031639637218287,12.597677755539015
Belgium,14.33375815246917,14.79036504224205,14.518437639308411,14.267475500707771,14.685234286082599,14.643658641756268,15.373198825556136,15.228982310120227,15.632644804355735,15.021876181681975,15.218631874161687,15.226649893987986,14.8827252284839,15.375670300293953,15.24689676376004,14.75290107463609,14.580073223651441,14.365171235777408,14.589205780444077,13.021821067266936,13.77622093937857,12.32349579607808,11.954696400410123,12.024832502300525,11.190950318122212,11.71968271617772,12.022321646833028,12.067524688448284,12.587671328060583
Finland,8.234346369176672,8.141626809527418,7.544637119614628,7.652305451927159,8.8476913755448,8.00150358569949,9.269064954289851,8.893281593669835,8.239064029907453,8.121229532856036,7.909263323795466,11.915941532858083,12.38319131761386,13.926684255979362,13.090617523677492,10.722258990304411,12.89527992118897,12.479390098171201,10.881923228426851,10.020845231135945,11.47603215302669,2.5852443974617474,1.4702701584474684,1.6142756388523412,0.8349336227769901,0.3266702934977469,11.95384494722129,11.47014259068366,11.745028805054822
Bolivia,15.293876520629253,15.085311809701151,15.024612071331088,14.959953408086607,14.926088740653283,14.563780595287481,14.361248384809471,14.20228881985191,14.048827673189317,14.442175949665414,13.060878303974569,10.421615049641945,10.903801998942676,10.433626549829214,11.583359833737713,10.94093444310362,10.939338822444782,11.24765364382758,10.553973545323505,10.278417649742686,12.22956796854327,10.926322862020976,10.78468717035614,10.63043194726046,10.517892980508973,10.650676576018618,11.476798664808044,11.218766117986183,11.137007030654075
Czech Republic,16.796093814642003,15.194142198856136,14.754160794478368,14.270287433850717,13.572247468376663,13.581540028117836,13.737924300556816,13.507204052432952,12.87013788989383,12.10245958229692,13.179831269686007,13.448694551663685,12.924495994671329,13.364726969732581,13.44009439545612,13.128700832496346,13.192817005334067,13.407350817005586,12.812237502001762,12.004095007859107,12.256537599731153,12.296009713333197,11.949630783999483,11.440639922573812,11.172078222219183,11.334091720897826,11.28206079460687,11.26628897162832,11.124252205659342
Israel,9.858369098712446,9.50899171549808,9.757954323638494,10.336437939555218,10.705686238192257,11.15238954012624,11.36858749121574,11.610692254969157,11.585998995143193,11.609795918367347,12.179996819844172,11.826370554433918,12.127853881278538,12.034919353633194,11.95182846232927,11.56260371423212,12.000793909579368,12.283951476998928,12.037543782837128,11.674414876563,12.175350228238628,11.989749929176647,12.662916376967322,11.390284757118929,10.96437309054615,11.094139688070548,10.870582728761994,10.920087682049282,10.387490430945197
Nauru,17.88344203660845,17.407331558468147,15.952143569292124,15.553611354136288,13.338414634146341,13.175230566534914,13.11229746183385,13.154185849854365,13.248793413456989,11.484352569623887,11.611030478955007,10.76426264800861,10.888932884577311,9.00900900900901,9.085402786190187,9.138911454102356,6.105627353210543,7.109486085720089,6.0728744939271255,5.027652086475616,4.995504046358278,5.958883702453074,5.919494869771113,5.877742946708464,6.803382252891438,6.747638326585695,8.5927057475654,8.509029025243454,10.30155459823937
Iran,4.3183671806790915,4.9272677546127035,5.192209046093887,5.085580594966214,5.555316427918994,5.760167471921544,5.914607578187877,6.118982976974469,6.164900441500538,6.671051895518386,6.87971090554791,6.68797510323351,6.970519241039295,7.316770955314073,7.7673686082023226,8.237825147649495,8.836399349180654,9.281927523305189,9.390103866012888,9.645822569110306,9.633212228015152,10.201117682666645,10.174095985139294,10.368326974034387,10.419699054430094,10.232608057095298,10.111986463826332,10.180369638314694,10.205109023933485
Uruguay,5.116416977371351,5.623221189293718,6.153194573142336,6.3819061003847395,6.179031341558922,6.392134665932652,6.676145068197992,6.501214926006633,6.317127071487455,6.608212502701781,6.051689683571033,6.970441179610347,7.047407041273632,7.308206221994361,7.912121261387222,7.980615323202879,8.519268190953097,8.283927409985074,9.134126155125664,9.033709528921603,8.245831761812749,9.543100679563754,9.677490955097332,9.281780213581257,9.090002790816127,8.968312840543105,10.525273652734308,10.172712049106032,10.19340212043638
Germany,14.23249263225251,13.73536416724415,13.03733632259475,12.883894267169167,12.691686722328894,12.573879854209547,12.88460205698282,12.415467095044368,12.095965011357183,11.683156650340242,11.568088496807528,12.128729929019364,11.89038544102423,11.884531324332844,11.6700635729249,11.394768839291732,11.50401587463388,11.19594771968308,11.250747883052677,10.563560804215198,10.95284452473332,10.651388116768583,10.81916190027673,10.9997314794774,10.444355261939307,10.404520270769956,10.3887532171285,10.151227115641092,9.78846083376911
Venezuela,16.767973171242925,16.49904554636238,16.312140846147432,16.255965437338524,16.01895974272433,16.067603033082673,16.380136382012584,16.3523164263649,16.024601256058393,15.609207056409616,15.731354853739694,13.11993104408335,13.168312370393037,12.567890009652615,12.51010036160891,12.856169756524604,12.33175631159407,12.334296879934493,12.555441167003977,12.389849670061835,12.36008146570763,12.794296070188345,13.248605020560218,13.232913310029472,13.170467516646905,12.685067299934941,10.135924295830971,9.797472866234413,9.639937415699878
Poland,11.310972312244866,11.140978136046115,10.834470020814225,10.78509658304761,10.64093877089724,10.61536523463481,10.990470524179424,10.720663519420352,9.948923119467697,9.678411204101492,9.422710887000159,7.904972788696613,7.703300967785711,8.023385683963987,8.136771086816267,8.190917202720943,8.56552562871076,8.567292820462239,8.409799789166165,7.982626575349927,8.477558194069552,9.529400467721429,9.347357460877399,9.209994606757547,8.878310868998744,8.995058548830567,9.137192653785597,9.494447716495133,9.49578338237908
Japan,9.238244869531414,9.33279016488658,9.40839863371509,9.333568321463762,9.778395564715847,9.857099591940832,9.919606860850688,9.8355505842595,9.45126582278481,9.625842013409036,9.73999353531531,9.340694775420962,9.592843971909451,9.640144693778481,9.584693294510844,9.609933240982054,9.41175090337416,9.668908836649713,9.122228902961824,8.624958023225847,9.068868587491215,9.911603420087145,10.263889868290121,10.369885048452273,10.079905088154876,9.820671537898868,9.92586207131425,9.766393628459818,9.412538301465828
Panama,7.794585555491702,8.013903448713197,8.295971698197441,8.343525059477088,8.386370638835789,8.325829379993992,8.250214301730399,8.279877375121194,8.649467537542261,8.245834927808557,8.220218702037037,8.088318351549582,7.7194330614649145,7.672038132086196,7.524417652895555,7.588082716407496,7.91055033902148,7.473207494286514,8.307254072858116,8.116304832204827,8.477249374157731,8.938402187089148,9.030309218473814,8.963753116651072,8.932894609017328,9.104218481084745,9.254229487551996,9.467308080035766,9.301227618397325
Namibia,12.99463535113082,13.560020021687905,13.164564972764447,12.815912566281998,12.677264977453566,12.433455824988052,12.113903153702887,11.778361853655031,11.971345000534177,11.775304289850505,12.04736699277771,11.816850335066654,10.888357073300355,11.10098221873831,11.186028262805618,11.303626446874503,11.829648996255298,11.303174258266568,10.394532202006282,11.619195988157838,11.123817003063415,13.242466029087058,13.732602446626696,10.458892879625127,9.95413969929085,9.840593615018525,9.978609389816306,9.814273816574635,9.23906384021566
South Africa,8.875964670812824,8.567841439497046,8.332770704310605,8.328759370106601,8.302669695719075,8.430881720743587,8.525364937441005,8.645777968344998,8.719329281940295,8.143252132889954,8.060005186387842,8.690562773845768,8.903615839625967,9.264712841954946,9.710390489983318,9.616004145311894,9.539598127956213,9.839012669563614,10.377972671144443,9.803076105157015,10.159328645915327,9.714490062151084,9.921325368083403,9.947636421208994,10.014266598983312,9.430479185230576,9.277562916748217,9.316651812774976,9.220570412918489
Serbia,10.485104139203795,9.098645590704978,8.331999376440542,7.509766788101838,6.997094499174429,7.969462937931955,8.972413798535376,9.638648109175527,9.634309824128588,7.360351259833529,7.649993760265959,3.6143455935436486,4.06054967890443,4.470235038916043,5.1988722734896236,4.299286807586689,4.6252014924235345,4.604705849520813,4.443403206052823,4.000925034630745,3.932010100616669,9.094429036705193,8.47608658721111,8.629098402988665,7.575825571454536,8.506940358258321,9.1395660328333,9.239611454896254,9.020989877128933
Argentina,8.950401623022511,8.950995559055864,8.972743855228797,8.91784166801025,8.959479277610699,8.885910967237782,9.193853007753194,9.161342438567797,9.157193525378368,9.22362654590213,9.082526995077622,10.105258007078294,9.90293893782992,10.37390753265095,10.662483629702507,10.682920111637788,10.944549685013005,11.187546874642097,11.190324868721204,10.609200661239075,10.698616100983285,10.124937320489396,10.138194056248311,10.263741135539506,10.065503462660683,10.064693086329521,9.208456326865605,9.157491900691776,9.015271145185533
Greece,10.289510661784607,10.082435660639847,10.320162560831214,10.443180313591764,10.739164620454712,11.162496888655182,11.076653344393334,11.122513766901264,11.572211729872155,11.528849815335832,12.11755752091838,12.043676140190525,11.928979780081164,12.236378427297776,12.185146681361747,12.22409771851428,12.147513847548746,12.471406682172278,12.052890089323363,11.22893752661043,10.59944120048113,10.651154954223356,10.068799388248685,9.415231498965227,9.147651672774435,9.03345872975431,8.954181483970215,9.088137358632462,8.985471003967062
Denmark,14.256150481458738,16.200072250382107,14.984423856734288,15.692009525446805,16.474651279825135,15.855930773518342,18.291591567969594,16.321692884623644,15.531032938119637,14.91976679314645,14.079664155624673,14.08342155299067,13.811561197493049,14.822169216116874,13.570115253464552,12.850055134929269,14.387729729173012,13.48362830448684,12.687442399102522,11.817649343348249,11.963553072516943,10.62907004882084,9.578701660284443,9.873672557388051,9.16633811614298,8.737599813353889,9.448307527396077,8.945390964062321,8.909776175099713
Slovenia,4.218879259479091,3.6910537958587177,3.5512181830385003,3.9262034416034983,3.96593418358807,4.41736955944905,4.822420281721871,5.080676510456424,4.960565272308791,4.5989879200925845,4.434556355820355,3.8000863427808405,3.845517490336069,3.8181460145219828,3.920857761495675,4.049040377430549,4.225489668478445,4.22174675267402,4.734539280350029,3.662358941573363,3.753814221830407,8.061990127837346,7.787438890236486,7.490462161029887,6.716844974248053,6.7554109921295105,8.677789604279235,8.807639223611442,8.838445937931255
Cyprus,8.165757041334906,8.823668373086662,9.118047488789799,9.062595419847328,9.234217014851202,9.013421932192413,9.296723477432549,9.22362234764753,9.441956179639268,9.761902447926621,10.02875049825716,9.695149509410856,9.570426052849223,10.105056352799322,9.590166368107996,10.266071266969426,10.215129869881435,10.265975248846487,10.216648421550934,9.725987602097826,9.257453373442972,8.961298392567102,8.343274193292606,7.736920233663733,7.992731040695237,8.010425612000823,8.537082471293099,8.595514904402446,8.534704716033977
China,2.5364411968093306,2.633552894558474,2.717477703288497,2.874647839516649,2.969907747297235,3.261363400575173,3.2583138269475587,3.2305022051500925,3.3124680438187184,3.2442775207845234,3.376649810516812,3.518826905688564,3.738214620431115,4.19427196522819,4.751754335204367,5.2842481514435615,5.780415249195284,6.221703714664026,6.408408227047797,6.822175983654583,7.412583491876012,7.746133186522137,7.9493964218420885,8.243395364599449,8.209804510837298,8.169994603345925,8.170752140657811,8.273132837322697,8.450769352279336
Zimbabwe,4.164905727910016,4.111971454379587,4.08512958704413,3.6951980005003255,3.6246580461015303,3.5668210624026297,3.693718555628675,3.5895553293526428,3.6724023052879784,3.834142425069286,3.5845696690025703,3.641424211160336,3.3745199318771926,3.137983039702412,3.1131678096451796,3.13993139018061,3.0241464437156655,3.043427176417601,2.8563228413820756,2.900144041285662,3.1005546819084486,3.2650027457820006,3.235190084382572,3.181183334284617,3.008822592077111,3.1111917341035693,8.314838886989037,8.166276229315724,8.240290129132507
Democratic Republic of the Congo,12.576554684480593,12.09193210249235,11.640353729826955,11.205736009543529,10.811623777453656,10.467757797909522,10.073849717003478,9.971435312840377,9.786629056234778,9.389669316696144,9.077857241874307,8.653163029878211,8.649399548882162,8.518328319194747,8.318436181483348,8.066127386732067,7.858348448442352,7.487123951650817,7.309075743328699,7.071258570972607,6.887445208699053,10.172248730288993,9.827044907901538,9.565463008600872,9.263842606992828,8.993825288349859,8.701581042968744,8.434403150956898,8.113661007079832
Austria,8.297895895335282,8.769949184327672,7.943159221953015,7.877927042654269,7.867826562054647,8.185420791774018,8.654335076806596,8.527817565195761,8.527240723052849,8.275440284953413,8.295506771085702,9.70743045546836,9.8119799449564,10.37502910512111,10.444243160091464,10.407362622631073,10.081463205380425,9.694427825635794,9.61005088508124,8.720745918622592,9.399282875728591,9.043521036345325,8.610922597663508,8.61692514100825,8.104038727148739,8.161802233306979,8.112932756515413,8.295476271505096,7.958806952667156
Azerbaijan,10.643944685011872,11.694402420574887,8.253860742346248,9.227484989993329,8.232196919836777,7.846454131424854,7.205977070720082,7.148279271521067,7.175533931505118,7.140396479909805,7.332952314688269,7.318275964099024,7.34341252699784,7.045092967051651,7.136579786913862,7.6038060737501265,7.895527753387038,7.663174577278502,8.384873450943697,8.277410147461067,8.683136425746262,8.833454230541054,8.825506272520963,8.665363110041298,8.56311730610727,8.304194037706823,8.266197381134214,8.04137757606454,7.927748033631761
Bahamas,10.615586960000313,10.880934227817646,13.945900431533524,11.694611993433309,11.129277249509697,11.278504099165177,10.775406718783012,9.952568702303358,11.803165863730213,11.494135610396413,11.10570551426798,10.673522394570051,11.181283052230244,10.922225451340209,10.348298645627217,9.604491947002906,9.485487807825224,9.632854852143089,10.503957169459962,22.997711670480548,8.959361687740888,9.844736820150008,14.137152381450075,11.466328214793469,9.902192242833053,8.6851950828434,7.435377047705485,7.806176309564662,7.909033153111102
Bosnia and Herzegovina,7.5032116613665485,7.076616040940009,5.522391549843363,4.900783046575826,2.4615606599421267,2.5045383331474733,2.8370911952149855,4.172834020775842,4.940634725619374,4.920722144024355,5.891485763397932,5.011298054008053,5.046032746278717,5.175192355281341,5.448709604234001,5.6223461835503485,6.118836082648904,6.423423464125433,6.946773279747998,7.0397181971361995,7.100298530985746,6.926741784668465,6.538192252256051,6.588385134299743,5.95616560782469,6.1060920369444815,7.530425132365679,7.683049015764125,7.656601570009467
Mauritius,2.512337371018394,2.5881416395550265,2.701852843999812,2.8158130227251603,2.857538239792388,2.868706774513411,3.0335204004246927,3.1176956223373313,3.5159653263772372,4.203300186255548,4.709855224611227,4.806538899110331,4.706874610354626,4.763592309023628,4.815712983506183,5.088524034930885,5.380892644708735,5.558110081233917,5.674689198237149,5.547409912708459,5.86212412028151,5.996467593524135,6.067449011929464,6.141486176094602,6.360364618608111,6.415308033787289,6.711659054051808,7.251230218256494,7.539696025378901
Papua New Guinea,8.351670539920876,8.367292393699518,8.386722181143274,8.41777204649051,8.409558944296345,8.88749567915408,8.569399528588939,11.038011924063913,8.334278374572067,8.339505885588347,8.391491195518153,8.203022548520602,8.169059857958052,8.005298730046608,8.067045552368363,7.718361262417816,7.504260262429457,7.298226937698347,6.9952122932255385,6.842763675939926,6.691733766390097,7.626941263318039,7.550776745861586,7.554836764680958,7.60060769626965,7.772788874674818,7.714193075577815,7.582331342902225,7.475897955968192
Spain,6.369360873383559,6.5461566146156365,6.7884503386755375,6.344308777498038,6.633525084813544,6.96958139968105,6.903008815374898,7.511473101754086,7.749945436137857,8.326467447654714,8.742634317646106,9.261840492575693,9.540312242180224,9.603285511670538,9.853246227828478,10.078309345567348,9.805321803327809,10.009108979027326,9.150216087328518,8.256593530531903,7.863125789594785,8.115492351671534,7.959069596800979,7.3438367551983275,7.377656904186973,7.601060974878755,7.274536377651334,7.575777737352263,7.4633923670781295
Saint Kitts and Nevis,4.967709885742672,4.952824348084495,5.898110147206999,5.347463600787536,5.526454899322409,5.703828695011526,5.886230928611791,5.833352777842593,6.246385193753615,6.189537389390674,6.124810017467051,6.501950585175552,7.0846617074034715,6.776104395724497,7.123890939705977,6.830017928797063,7.183149177106881,7.3269275052858545,7.47229025696376,17.6958373629087,7.3452898328946565,7.6857732292383,9.422425372386279,6.5569861707200765,6.3021900110288325,6.835403484102804,6.779135757035775,6.726112691213775,7.437354590182692
United Kingdom,13.509041237127448,13.709558765077105,13.316162676321712,13.009667903667957,12.789086185618107,12.623616768498199,12.96732938550156,12.597022814326001,12.545834647653576,12.052322409218453,12.083369373567582,12.216914663922447,11.844438715072519,11.921691303571308,11.833718813817551,11.693971805794739,11.582363712680465,11.239926876387859,10.867378360653191,9.864913232600475,9.94911844902919,9.234603053709042,9.469041823485211,9.112361407268834,8.413632592450504,8.094603895843523,7.698029828356705,7.4498713336844045,7.281334565466588
Portugal,6.126281124983948,6.3191280125418725,6.733990495246719,6.583255349522187,6.75072123624772,7.1103878487670675,6.930681755514364,7.131285391192402,7.574657024332995,8.275731398101437,8.199303822059266,7.922628822813157,8.343865536121193,7.887122267414272,8.084807686786386,8.351637052249144,7.862358452838394,7.694230958201128,7.488982236232638,7.36545994808789,6.876885681588181,6.709883723132995,6.593535767149755,6.479687146628262,6.475300310679813,6.933720123312476,7.0408539984496565,7.580361737036785,7.177292644699607
Slovakia,10.863930636907133,9.339478444906128,8.85199969236662,8.315016698574071,7.794130217526749,7.8851189640281545,7.872167903850123,7.826067734402617,7.585544686260091,7.307237556569473,6.838358645466827,7.159500318561511,7.06911327542649,7.118432478364618,6.997029194308562,7.1694367581042835,7.0797725092656805,6.89722923770267,6.878304025871346,6.184086383388108,6.467674241406915,6.329671990729078,5.895429359423136,6.003628408282938,5.505062239683729,5.586488147334314,6.934524171217563,7.269408622393749,7.162041510465558
Belarus,10.258121503582295,9.755738669805767,8.36824588880188,7.0983494481883,5.834555588149017,5.067686874632137,5.161417322834646,5.222892161708017,5.0600854106664,4.856015984460748,4.618416952165465,5.353249503024057,5.27289512959645,5.414040923167472,5.831361626022877,5.94893477436422,6.3144695366668175,6.214861635654939,6.668776241776199,6.378615648961555,6.876289897048475,7.493794053354041,7.668660609995568,7.767803011135541,7.691162108524651,7.208932374081312,6.588409829402284,6.75176011111083,7.0754475747822605
Uzbekistan,9.64992686494393,9.576174112256586,8.874073383374517,10.129432139276274,8.924341958260714,8.380074610489357,8.326372443487621,7.937212151941522,8.267015924493784,8.459730211647502,9.145896212637522,8.768468762580389,8.813759182647887,8.515057113187954,8.513262463584045,8.30244200710819,9.064774003567619,8.861843084710436,9.067568161507245,7.970857912516116,7.939808979637565,8.15388181080731,7.632369981024031,7.599394243995344,7.249241653309578,7.020694018000633,7.144584101306522,7.14912036951273,7.0439159973419185
Lithuania,12.604662508200738,13.123175349487896,9.175392974378628,7.475670128791703,6.972654071045603,6.577384708393426,6.821943390364262,6.746594606024888,7.023858862416607,6.313421511260023,5.880779623355782,5.926556794392561,6.081786964935623,6.184094520605304,6.547085865726998,7.024771499292105,7.1867443405917415,7.57281757710688,7.454120731116671,6.399158245113054,6.818881845437387,4.804969428175614,4.826337208348828,4.544088306782762,4.344613071965412,4.533703281685147,6.617319176872434,6.706965025846741,6.867644009033593
Brazil,11.043116684219418,11.03542363072401,10.913501520445609,10.80312320085818,10.736002197089823,10.688996336739867,10.58429283968729,10.611387615954701,10.653811023269494,10.568732672583124,10.402691649908638,10.80148225199443,10.855669430172544,10.79037543327555,10.920050266273504,10.845975213884481,10.676719250017829,10.756299444836412,10.675030649580298,10.447761694399516,10.848554206777118,6.534658124234003,6.675990157967523,6.7294944489119715,6.8620255897425135,6.72381362944112,7.090019076938789,7.115348043082015,6.861625368335563
Gabon,11.985343757141969,11.805879368918358,12.288381993131672,12.002691865845641,11.255594692656055,10.783897152958982,10.261073333429175,9.96204434818265,9.606336763638819,9.115488992192205,8.604976232518343,7.91727874544518,7.622389021275935,7.52303503325136,7.504867822731477,7.378375462946316,6.810502998299472,6.6550542760421445,6.605037213425018,6.399286135411189,6.637334328317775,8.963397875734064,8.715894419369976,8.40914219044946,8.005091832948384,7.834922395247704,7.804243476459274,7.036960265631931,6.841962463578346
Chad,4.192344778434578,5.103064193526644,5.081220078024257,5.068613672459695,5.053784387891151,5.036975623520094,5.308252380990471,5.364167679750261,5.764439444621549,5.792489556135122,5.61775296104889,5.865373657143444,6.110280416523547,6.323933238979282,6.419263914132047,6.534853708613667,6.432936327987758,6.427232460324804,6.259171362609981,6.0604791878854085,6.127776010543389,6.870002117954021,6.8902414032720865,6.789490177817926,6.7544612451716475,6.910226092874828,6.8845182327452,6.8063945347468735,6.792987109799779
Italy,8.283608877693002,8.238586766557923,8.171193709283013,8.057457810475578,7.9613464359978465,8.411572924027233,8.322857215566698,8.393335870610935,8.611984547912282,8.706290675835543,8.812107904400026,8.764333267221422,8.905167242044714,9.215328621574333,9.352811677742592,9.33887905574595,9.113927342330664,8.967576235520841,8.654908939271163,7.76406068394704,7.925615247371525,7.707885601969799,7.378436145405259,6.74503354819113,6.348831386658867,6.538550873759122,6.855140220366673,6.783982921833428,6.735983857471216
Hungary,8.79314685924063,8.30200320049357,7.3466578059300005,7.404279961531343,7.400886849576371,7.245643682595497,7.481157936612461,7.3310434512033735,7.3374067483102925,7.436364044842848,7.184429375032012,7.489514679448772,7.325806842827285,7.627188250773578,7.536252073532924,7.47194550644811,7.412099843417529,7.1958614846386855,7.077970645698207,6.496285912408395,6.504985038534412,6.3569730699607,5.978612474020605,5.758569473092409,5.805522300381454,6.11905198278416,6.258391691154586,6.481428317180505,6.507041435154023
Thailand,3.206962258838666,3.37832696407604,3.5780372342472737,3.8263373543587273,4.063505435855713,4.347601484056643,4.63743753345865,4.7130005054679485,4.338224456651473,4.459331963146697,4.436986350961395,3.858248743806775,4.026278318002723,4.2127120107001925,4.563098967320761,4.6363141087292625,4.670690418573725,4.868841805840326,4.886445382286568,4.843058667918988,5.117937885646071,5.595069158873024,5.8864051901433,6.035701858868503,5.968256461968007,5.985343505060408,6.199534000461902,6.44417250807064,6.48278874249454
Indonesia,6.944194937575669,6.913142021613224,6.9071667099908165,6.879915400472443,6.856422385652353,6.922817902626256,5.905466385046924,10.57549478114402,6.686657891472258,6.05516844218391,5.642184462063193,4.761051570554977,6.913117767713778,5.310438920617816,6.802496672580855,5.503879659127573,7.23082403267124,4.747987577056681,4.63414080504734,6.231776664134306,4.670678831043543,6.853734893865838,6.841450085548615,6.5166218056859595,7.921785919006421,8.031247938019453,5.576388412095586,5.560946954250524,6.3870306478879755
World,6.129315807397451,6.058702497183331,5.94703445521449,5.870294662962006,5.818840415033525,5.857724125794174,5.835538809507107,5.975782841390954,5.812592487542622,5.735469063423772,5.7662025907119965,5.706770030164922,5.796426217935277,5.861909547936317,6.069684532355796,6.127549519296352,6.282893635305544,6.326816189170319,6.3052358581416685,6.234762361998039,6.405394020323826,6.351194679190285,6.354150661659745,6.36517816303527,6.372848597192447,6.31029653774754,6.3251136796969005,6.329157491327826,6.38546535522854
South Sudan,6.694437263091203,6.94811001629282,7.565806400174613,8.133887882705404,8.623909319045714,8.761091064546811,9.833538398196067,11.279363255552417,12.419784476470408,12.659499241980463,11.733401124883779,9.220212007492178,9.446452534117798,9.591005332581663,9.5461833704543,9.62986524160054,8.93719015601448,9.022092702182908,8.695271978767833,8.508838844845549,8.088661234541517,7.504047272344427,7.3801263401692445,6.812148298942638,6.420725499347126,6.063090671901872,6.3503229165512725,6.054565881393932,6.254598701667395
Nicaragua,7.1068556237248215,6.633751760369484,6.690321075840289,6.695804321169139,6.622051717368464,6.36045213163277,6.251092728549251,6.307406199859228,6.400385122759917,6.4195024645159195,6.430855481317971,7.136517181378899,7.123527874491026,7.248519731714069,7.0550780718480945,7.040295718161646,6.982534776197065,6.917628521738384,6.800253236207696,6.721737807669186,6.699795915493973,4.655232435518339,4.653549585208934,4.638379589018455,4.722652812249399,4.809396529200091,6.142161209523524,6.039302767507361,5.98870745071303
Peru,4.737798402124592,4.590100434754174,4.538721116922489,4.506980158820855,4.535162603628591,4.658184181450164,4.71927065817101,4.686454385686351,4.615701804539468,4.709663726098658,4.661385526741856,4.724752212642656,4.729721053465108,4.674813150867538,4.8247505649570055,4.824851952943608,4.786482696728051,4.8568720981327465,5.028652958560335,5.128737136957426,5.223634820281883,6.1265745029936465,6.085378992428522,6.070063981356074,6.134852703050663,6.108155105788541,6.158241554139043,6.027801732835577,5.936053860568538
Turkey,3.526962158763444,3.5167379201483864,3.5937899166739404,3.6534172601425134,3.5098197909746314,3.7078671876374516,3.9482843743490554,4.045214506435381,4.004424286354736,3.946866228511642,4.274496555956278,3.451818937063782,3.589357872426733,3.7235924755379086,3.78684492216419,3.9302856742456767,4.300519531091095,4.680818076505981,4.603186441675392,4.5810930872563,4.647642473504221,4.6452190149417945,4.755593109840684,4.602540802719467,4.900344638797662,4.934838873684183,5.57687448197915,6.007659284797853,5.9283394030781364
Ukraine,16.960999317806035,16.036576571379122,14.153486838068357,12.414525328100089,10.633958252281333,10.123697411128884,9.011551614053094,8.611393310748579,8.129106881113582,8.13604702661352,7.84521061889317,8.407928914315775,8.546242547321745,9.258161424010888,8.590432707195324,8.254932351269884,8.421856080131683,8.645572487513533,8.38770406684101,7.124131802757113,7.547076686639965,8.263013376380554,8.0224432769153,7.788365388098848,7.032357969263889,5.8792086714020435,6.187135278152115,5.637599851085635,5.9012806045593384
Switzerland,8.081281580768367,8.28090914411782,8.213383320504922,7.808868643673887,7.652497678299121,7.756345368001731,7.8310484526679724,7.627411056092435,7.84528722288506,7.849953898318181,7.732191947663291,7.766408560947428,7.4058791011857235,7.461506000612346,7.45098702572864,7.509632431393087,7.446618315981942,7.149935565824235,7.305488269310607,7.0055764388453206,7.152798837660605,6.618726712180051,6.710132888392083,6.763216705034004,6.2256911976566585,6.082780876451693,6.095538004079138,5.940718234135999,5.791413510095746
Norway,7.90527253150026,7.217722747465115,7.390815744957133,7.794543170428695,8.186112064876436,8.012967564571719,8.216671809694578,8.680734875056666,8.933842179469359,9.323355251435876,7.982690587572788,6.345055365260512,6.121425009568858,6.337550699857936,6.406919996254282,6.263936230706655,6.2008158900520245,6.37057237256891,5.861736013415511,5.659877988521196,6.454975116848139,6.785665831093653,6.430114695950423,6.2425892630220785,6.100561547541555,6.138449105896823,5.906941974993309,5.711613183934411,5.786989101484285
France,8.503372741222929,8.871518617133956,8.594724703734244,8.237975089075263,8.107579659919901,8.238399631963398,8.541984310603493,8.36223346277196,8.62422408401223,8.429384289803009,8.337697516930023,7.656611182814822,7.474767603135953,7.50921200265789,7.448859539703284,7.394187430463837,7.196794989155846,7.053992732186481,6.901905164116636,6.558792254968877,6.585213441604441,6.3785156155486415,6.378939788041435,6.348308303415439,5.805579850195289,5.879792040280174,5.83717092701612,5.867627284847938,5.732323943588508
Iraq,4.594378600104379,3.3103296539408658,4.402061866874172,5.494567236752857,5.9044958920840145,5.523257285523269,5.438560505465193,6.143777356822166,4.450055687872976,3.5922191419451077,3.94338329775025,4.3080482967367475,4.0073123925223255,3.4607806593093264,3.539202453097112,3.9896325270234367,3.7827721850863103,3.514354538576248,3.7941587499272083,4.526948858213829,4.852064810621029,5.1000307401342315,5.558166613421156,5.694111429236747,5.695986588844474,5.292043642197803,5.483926090104099,5.438211260420631,5.70022004701927
Mexico,5.036147387156793,5.156548762550501,5.103867997403989,5.248380149085861,5.4700500672187475,5.170990480485699,5.366139097595635,5.5839168313268575,5.88737983311935,5.589895772801475,5.778269925498872,4.734583743875959,4.716537474581738,4.884410340526316,4.861984604037543,5.028715619882002,5.166225355476664,5.294012431178411,5.4912106338555935,5.251107897872211,5.214432115579857,5.979836651855715,5.847238840925873,5.726552847455967,5.585719203659749,5.727884605860624,5.777187050068579,5.681881658531455,5.634008988073313
Ecuador,6.969062737301229,6.879939376323231,6.960534543670659,6.844891100273139,6.825482407698288,6.941822516489229,7.119439187796058,7.1597965001254655,6.825457892228758,6.471571660399374,6.350383952588426,5.930469714262706,5.917769781408479,5.880470718890911,6.003799537965592,6.012655000539207,6.074236991548489,5.990254714527711,5.989375153930932,6.1065035955407225,6.170095037583486,5.398230175575321,5.383835272089186,5.478920765930968,5.453919023219402,5.259677047070378,5.636368090552513,5.492883201285692,5.550691132163636
Colombia,6.615196542600667,6.540312067588181,6.527694273129186,6.515295313318936,6.463831264976309,6.436319181027394,6.337187061943226,6.366007159988615,6.300908810890289,5.932132202418761,5.948276764816724,5.6066237751253505,5.49059344133531,5.464774358574822,5.451094595528234,5.425376557547692,5.397804087465675,5.45824371537183,5.421311756789723,5.455188947928421,5.5138239316499,5.000356198456479,4.96270042090063,5.002850598935484,5.03175522347206,5.024340251789816,5.590030756170705,5.4275372458763105,5.496459841691647
Laos,4.682431793007396,4.514488150210744,4.435214536837834,4.311738708634257,4.269572622537473,4.157659264657606,4.112143567938934,3.946293968605479,4.192744976724143,3.848843408230107,3.858218183177455,3.885696201408463,4.021301062923258,4.063378665289493,4.749038315325901,4.202254125972,3.9753167723643643,4.723336613428204,3.914577210776912,4.077337015893482,4.599012220506794,3.407606445559273,3.655815236711709,3.75613295334782,3.7727250204563023,4.359783776086015,5.480694283600805,5.593244154959183,5.493168729921045
Zambia,9.656769711612101,9.341961632476268,9.036430410019895,8.674422548461939,8.286596739816083,7.81060368875959,6.4273737812829905,6.067135463933209,5.800451103403303,5.259076319620881,4.570877986839789,4.9914905234162825,5.155990354825468,5.536238733416602,5.444719474875897,5.527888933459872,5.0001979707098645,5.066800992213203,5.110311832535563,4.707478739161486,5.021319292846545,5.903788429444664,6.00477782875087,5.916303103108012,5.789038852665097,5.947339220636587,5.721287730966742,5.57744074740554,5.378719358790723
Timor-Leste,1.2333731807745583,1.290278410482327,1.2768065535926783,1.2765424785001742,1.3408582459158183,1.3264908513584095,1.3327752823963768,1.3343079582767703,1.3502238255649301,1.214011988941038,1.2777515191674036,2.4300554585259437,3.522275411591429,4.318400185828468,5.031438775415712,5.898726799513631,6.129253460863782,6.291080174606422,6.5186824681551,6.702125877094182,6.886038351484248,6.656760879447049,6.540147325423963,6.39909545577514,6.250356585397839,6.152333790857431,5.929685250994637,5.525795087109695,5.260356079575701
Algeria,3.809561226128225,3.6624350750145793,3.5629282312299724,3.7535031459697317,3.5989509664019814,3.679003405964325,3.656409573909206,3.7309644158050066,3.8486060395293573,3.9897586832764453,4.165614605493328,3.951797167913671,4.135914143759039,4.253636364735247,4.324891052602133,4.434426595458423,4.53077994960139,4.673225982890614,4.691539484887738,4.891905169095204,4.838308305944187,4.955342995547529,5.126003577101468,5.135010665274257,5.288039509514103,5.3828506932890186,5.230645809054475,5.180823371831484,5.238415886554113
Maldives,1.3443329643886197,1.3493338208345846,1.7776197671318106,1.5663902125344193,1.689583316571594,1.9673885671115587,2.044926652725154,2.3120423293257932,2.421352604816629,2.924810435723635,2.9349024323898694,2.4449109179243407,2.7873616941720347,2.477856224870408,3.1163156795656435,2.941139660329658,3.5115683274858087,3.490745050302531,3.464862220772868,3.565455826549063,3.5271921909605446,3.6531552485853878,4.481019859980717,4.475543321334386,5.608963307265446,4.220577955393766,4.984174719508733,5.03628137099666,5.138606642570157
Lebanon,2.6399984017306966,3.076975733305952,2.97126294604297,3.863062743347538,3.9901755882938,4.548831063783114,4.639037207294062,5.18802490142616,5.222668710610004,5.429907235304697,4.9911860546573905,5.139064179169176,4.899329420724235,4.817269615333957,4.753383229267359,4.5160841336684285,4.225002941324773,4.023202003126687,4.843910849373891,5.514202499633287,5.204859052901396,5.073027372817724,5.224266020420325,4.921346399197973,4.944860651079708,5.088263149539983,5.132344029092616,5.334801307979487,5.118517516380423
Macedonia,6.9982336598507775,6.682372583409254,6.406327077694065,6.44145433724592,6.226935989217409,6.050646940213054,6.79085230474289,6.18627437252074,6.495855971913251,6.046256828590101,5.872746671332101,5.84479284761832,5.53459610626034,5.936420401806542,5.823890981427718,5.994330867649057,6.000585517552924,6.2021644149727315,6.099717071806875,5.761153777373939,5.67430822938886,6.132737333557219,5.852647310506081,5.42853908716731,5.226732377826334,5.102592896286553,5.079908840387054,5.312210013852092,5.069715793460931
Moldova,12.909648960609909,10.84515226398855,9.038906597965154,7.900807032626398,6.881947942112022,6.208703905115558,5.630598143294141,5.07575478858289,4.580247885469266,4.106173425241532,3.8374940958340615,3.6815468804203406,3.738184177036005,3.955456324595496,3.94798606081142,4.061478246507838,3.9582027676170406,4.0404687222130775,4.006326439244007,3.7879501987539217,4.046846971522149,4.300950440113112,4.2140853266598075,3.9178757277803973,4.161780920212114,4.258201536057124,4.592869097877716,4.700274902564572,4.9737576129508225
Cameroon,6.123045281672816,5.918645645148852,5.743430196682283,5.9001448295103,10.009086251976234,9.741923225792032,9.505531961921754,9.320681930927401,9.331847844424647,9.040801588184904,8.900380199902745,7.75947632323869,7.561009084153823,7.5258011951643695,7.198428767943492,7.162751795932288,6.8795117472725185,6.764446645040014,6.5881757515865065,6.4123547328786845,6.30394337885859,5.721216745577142,5.5424026147778385,5.452659519053507,5.325402646776698,5.226973759887813,5.137389432968373,5.002428145812496,4.892874482858502
Liberia,8.28067788837415,8.28374117279149,8.383243106056518,8.40288946077328,8.285967567937634,7.971997259197997,7.567762719395691,7.09308273973545,6.625694347345274,6.196966486745974,5.929546872383443,5.751663547655867,5.640178435938186,5.612509363661033,5.539514244875231,5.456612164764828,5.382656731579945,5.173443222543849,5.000189863085156,5.061094064695166,4.782393391302828,4.826449440764107,4.857747078944072,4.863079364937386,5.0303841626165156,5.198749885124398,4.931555589663181,4.79560310185138,4.706394055500588
Croatia,5.961441530147981,4.5723820446992995,4.901855799334676,5.088618254293101,5.101005497822023,5.398233344805121,5.327953300094336,5.68698014518448,5.763288163304932,5.697384455115314,5.53677884798297,5.951658300853885,6.171298510938888,6.425153698274317,6.374576034939367,6.3524544997906105,6.517968833902902,6.879004003742735,6.689552997246912,6.090336271576038,5.973794921901828,5.7912144543479895,5.340290629910595,5.0990568154768825,4.952353358787973,5.1241743989205455,4.503696264974491,4.7302347830577585,4.603895012602001
Samoa,2.9484572811538294,2.9878048780487805,2.960903982113723,2.932077526523334,3.141876470902074,3.1755366068803292,3.2132737417112143,3.1964664516316508,3.182152176302802,3.2256949644597537,3.2673369484219337,3.3638550919643775,3.4011677342554276,3.4369876212101578,3.471502880787471,3.5610554077964856,3.5936618861749063,3.6254772171715786,3.492115458067332,3.576208460442258,3.6032353826958654,3.68060852727651,3.7548456018065566,3.6704559755023283,3.8497554885027574,4.0824763578109655,4.2664747609746065,4.248610243757615,4.43587860988742
Myanmar,5.030338799959008,4.950084735825513,4.952869091101707,4.957100481622846,4.959037232218271,4.971117452262216,4.857577024922702,4.744907319734108,4.822278377995589,4.882086439087873,4.756666021257243,4.269761607165035,4.200648092204959,4.407161308978416,4.637544935353896,4.424725338223664,4.486922783326578,4.641336869463323,4.354527516940738,4.528325226526708,4.59458893824008,3.976418247343256,4.111160793067171,4.128636972777224,4.238648455678274,4.326440160541454,4.176815323098326,4.311898270971504,4.3166497971506015
Cambodia,2.755248480964553,2.6363671399065893,2.6101687060514664,2.606630389138124,2.4123123491880762,2.6754515821622173,2.2562307889186837,2.309136871366473,2.5507499239257583,2.4498454712856574,2.2607532010266187,2.2635283909577844,2.414992768869129,2.57152771225585,2.5967217631381074,2.445500779569295,2.662916275434134,2.697377688359017,2.639040293982174,2.713287338477274,2.5914944622439378,6.9752467795272555,6.757573211215298,6.6749499046007905,6.612325138371087,6.679150478032476,4.377694435406173,4.443635753540745,4.276977032633335
Angola,5.5923233419575755,5.451101286556238,5.2933624947570035,5.1915695274142095,5.068220664284959,5.211827291172844,5.167102038356132,4.895918198829283,5.228000729185656,4.966952841552692,4.557354445985316,5.725918464644209,5.8158324665807966,6.182718991393472,6.19464469234633,5.971614940800482,5.74742163796802,5.888442007217288,5.746777831265237,5.753682941156221,5.775756695842444,5.570038140992029,5.391923068114948,5.278333700930658,5.1585320683980225,5.080263574086998,4.88411503559229,4.672873844915927,4.1113559142749025
Marshall Islands,0.42314609118798263,0.6197962936181641,2.4369440721335445,2.4082844986754437,2.389771776795316,2.774804772664209,2.7710151812046,2.774859770479456,2.780204940821352,2.7767860684676107,2.9554320841707056,2.917663535041139,2.8643446379468376,2.805573739829795,3.120640281959026,3.0765332898999205,3.227831076840312,3.2116475752060807,3.02674215717694,3.0219536041240778,3.1936977697343907,3.1844880050951807,3.350260967696431,3.3372560729278273,3.4975429760593184,3.4816516955643757,3.8113057186909898,3.7896405009215717,4.108744778470177
Jamaica,4.107606054958446,4.078990574867105,4.372122921667079,4.407178186440139,4.388129014978626,4.48749953131876,4.561032833573892,4.578325749231592,4.7453422434352905,4.8239871431246595,4.840475263099607,3.746206125084402,3.8472350597491203,3.986066483159976,3.8898839897145594,3.908759124087591,4.3856878450370935,4.399925006204327,3.5587585181041956,2.7397858031167033,2.5938777369146164,3.584658088021934,3.3390473616951803,3.6834796114331287,3.592872270086608,3.6284721261393886,3.723021001004046,3.543491479186866,4.017236979160455
Republic of Congo,5.910707163284877,6.667184078681854,6.457973971312619,6.265918714939763,6.006051638368071,5.890973772424481,5.305449213246393,5.339549671239288,5.15304824316967,4.943339196006361,4.655594707458544,4.512217481424394,4.473812038269973,4.737423739658899,4.597677574613983,5.147987385360669,5.08925827398313,4.935343899045516,4.893447242880258,4.713658513050611,4.632946614883739,4.559890890275464,4.418875716515266,4.218261959259377,4.03633972385272,3.945558703262068,4.087535906473324,3.9094441251796965,3.8860772986156755
Vietnam,0.018385366248629974,0.05919038271205317,0.0942391548226294,0.18506145229699425,0.25797264458076863,0.3384040002316365,0.43684173599880505,0.530770065688435,0.66862349023971,0.7048698179083773,0.7995203528611561,1.967613090999164,2.1584752822017244,2.204694559586594,2.407936576291734,2.496163130308328,2.5398987881295776,2.681937543412174,2.7820092115081145,3.005089431034335,3.1861710989112986,2.675889462911931,2.6550655494849855,2.7660917633504973,2.8785183481011867,3.3261729151118504,3.55861225975723,3.506001539545561,3.859189900433152
Sweden,8.58411220685993,8.64532412712688,8.936248416169372,8.942989559859706,9.151843038375445,9.050702627490685,9.688951405712341,9.05261572889722,9.23514180473245,9.084572663824298,8.545882382644306,6.896388922612062,6.896390997022059,7.120827118842351,7.072861593516495,6.6680901376056365,6.52056245770472,6.24064559035917,6.100023243865241,5.636383874199267,6.12169211631407,4.394016729223905,4.0433331015253735,3.827973874781402,3.6715755081161414,3.655405663286726,4.198291156429679,4.231584603156707,3.793532008270293
Mozambique,6.551789241359939,6.379037740689189,6.179197897957257,5.965506803655986,5.735196229608544,5.54792115390043,4.491102848322838,4.234875824646624,4.29108074927801,4.115592417985064,3.874790571888714,4.749234491888983,4.615717410442372,4.741065651887216,4.5513561680293195,4.648206271057763,4.4629752371287665,4.439559995402642,4.539742068312412,4.1878655155307,4.4433929963100205,3.883824289405685,3.941249599349193,3.896990198097458,3.8103655333568285,3.6602320959902337,3.8771207832718226,3.717406331046657,3.7320303231532104
Jordan,5.42361397778057,5.209423338907957,5.656582112077255,5.536040312655373,5.532431955054886,5.2540488428235275,4.9589591721517365,4.731325084520359,4.441770033222255,4.183431860937557,4.255738658602888,4.1630505116795415,4.231300566392491,4.285948786500494,4.424540087067924,4.623945411774827,4.54807414512479,4.5833206773786666,4.258387093182569,4.163488440444272,3.933049472556858,3.8627885313808505,4.111267257959028,3.938259362140497,3.999407096587419,3.8752190264944764,3.8066685464513004,3.915862102793424,3.7188963888974182
Dominican Republic,1.2280102407082314,1.3630587423300438,1.5482552836742487,1.5914732019632498,1.8220372015747086,1.856958202710008,1.9439777305153956,2.122604663520775,2.4043064720156377,2.46545486623499,2.5308933664033586,3.188891585710649,3.3994370642250624,3.1174024614033597,3.005200099304202,3.1130245561796506,3.2748719692112136,3.360154605660479,3.3315433292532237,3.239099417588623,3.340857052060331,3.415800666427602,3.4538606509208214,3.3936338613403003,3.388035747908891,3.591827207142805,3.634444337797317,3.5317804596565185,3.6886663937179
Cuba,4.221955186125564,3.348469213664378,2.7551170384522314,2.387547973401826,2.48836066301295,2.644135703767163,2.9426054810712032,3.1611331670568794,3.101812839294751,3.106992872049541,3.1088158341634142,3.04531900433116,2.9286592883500786,2.8336873958350495,2.795463864340805,2.8104389559339156,2.8966612116728516,2.9863701532923352,2.93406366037123,3.195058641840874,3.540049099251699,3.175317671933262,3.2121915461088064,3.0710674250415813,3.036196718307364,3.02964023044339,3.918798127022698,3.6457421585456893,3.5773044376038197
Tonga,2.9452292545414385,3.044843190575685,2.8302480135851904,2.8255682531709154,2.9246179717774368,2.8133205518276165,2.493066159743214,2.6909264031628735,2.576363411517375,2.667350602718646,2.5520099630468955,2.43699356227534,2.524665986689961,2.6106776716771596,2.6942343385155767,2.9730051135687954,3.0477613701162083,2.729656745664233,2.7083494544610383,2.791225925676391,2.500456814225676,2.7037988373665,2.725432175673571,2.7513560254696956,2.771646060798036,2.8775550704504864,3.0649674223623977,3.5293425619105507,3.4884058954059634
Albania,3.502161238164612,2.7978535504271775,2.1896872812430033,2.1844973812369335,2.4535967795840796,2.3997861837564898,2.3168950575956755,2.1122638036439567,2.2055086574205776,2.6441257625986805,2.7840481808673085,2.352808158231577,2.5729184761767416,2.7207384090621973,2.761866030336257,2.706304227778503,2.6799913251153615,2.690220291668364,2.6329057575813097,2.6643721185071727,2.7703198844086603,3.0497092277798914,2.9202858501289994,3.0189023354007403,3.184378270910289,3.1554797561567436,3.3413291118775037,3.546251083625055,3.478259656095362
Tuvalu,1.122334455667789,1.1093854004881296,1.0976948408342482,1.0876658690450294,1.0800302408467437,1.0755001075500108,1.0733068584308254,1.072041166380789,1.0715816545220747,2.1404109589041096,2.1294718909710393,2.110149820637265,3.1272803085583236,2.0567667626491155,3.0392057542295614,3.0009002700810243,2.9650128483890095,2.9357079949114393,2.90838584585555,1.9206760779794487,2.85143997718848,2.82326369282891,2.7922561429635144,2.7652318186007925,2.7339834138339563,2.702946211370394,3.561253561253561,3.519577650681918,3.4767492394611037
Egypt,2.4095708167091177,2.4553957338665873,2.474312052272416,2.4715828096472423,2.406384569388759,2.5002396363783665,2.6007194280800845,2.6952363154384384,2.70406797048936,2.809869501105308,2.7815728311028716,2.8842811410349616,2.894591489654815,2.935211333980226,3.020409042632528,3.1888055724479996,3.258592961673353,3.399115176778276,3.429601213048141,3.4371199264473344,3.3869718053053917,3.4055666718258273,3.4559391193748277,3.3346661440395695,3.3274106132189503,3.3481335526565803,3.36177709523676,3.347794786514962,3.3734794627817015
Dominica,3.4080259009968477,3.4102050385779443,3.68553851387747,3.530175943969047,3.6597038455041946,3.6565642359890305,3.3834745464029434,3.8247960108794197,3.7046008292606474,3.580225697427966,3.589375448671931,2.870634840895064,2.4341351660939288,2.567687084533965,2.9835054768636255,2.9753471238311135,3.110947707797166,3.248725228470133,3.3884425870759154,8.045392953929541,3.386147833570834,3.384476534296029,4.650900583476619,3.2385699601515086,3.5166195439647776,3.5124692658939236,3.5059671560996817,3.3585222502099077,3.3507385586239633
Guinea,3.3216409473005135,3.2792976090354977,3.238519411462006,3.2071120173764,3.1845249317233617,3.1555934544683217,3.002499269137282,2.9848326907960003,3.093843708989397,2.96471210448003,2.952406551114676,3.0105445093679735,3.0887214265606984,3.0560611861150404,3.0014355129984343,3.103324684933507,3.0749656644950303,3.047858309574362,3.039390084770232,3.021736228821001,3.1769492025641646,3.2570542238110622,3.32706473281342,3.2764698878279566,3.2624964464974795,3.253996467489426,3.496207415742168,3.414953002755497,3.3227831277047453
Tunisia,2.374277055687777,2.431224757058472,2.4820478171503932,2.619392096393629,2.5814247145044624,2.603721480702216,2.727860814354936,2.7737807259280056,2.893837996807945,3.0165639526640784,3.138536354335089,3.1458308551789553,3.1100383223582075,3.103984381740005,3.201866880962592,3.2245687003315995,3.296667425073356,3.334391423588141,3.317513928997521,3.3223471979179324,3.5203702406479587,3.8112537553975696,3.874806593864309,3.826366762047372,3.985286348111915,3.9973341564734945,3.2386931921625215,3.3017190454874554,3.3047409543956987
Saint Lucia,5.5064882371267725,5.499960714566325,6.137219768901931,6.206329060961492,6.341328921974084,5.991652538622328,5.509382747569489,4.9032600053008215,4.378426772445971,3.7422252045319637,3.1262560850341656,3.603398573812775,3.325135514956836,3.6130318320563135,3.522410564759828,3.30461176931362,3.4466494938867327,2.9228603469256282,2.9409861714830217,7.432224499631291,3.4464535992463756,3.0762569927878864,4.019156090436673,2.7604856201233767,3.0845676277431613,3.2378538611407293,3.0550803208389805,3.2052167665994307,3.2986970146792016
Saint Vincent and the Grenadines,0.9303277544678991,0.9278847938239988,1.297004845239529,1.295864341515791,1.4806725955265179,1.6660033505178493,1.4817147143531852,1.66828861393021,2.0406838145945985,1.948720803986526,1.7627357659086902,2.5951637270258496,2.7753365095517832,2.8618378538062443,2.9487652045705848,2.946131820985665,3.130697408887497,3.501787754801135,2.7675021448141623,9.880601700940966,3.0482172547570654,2.8620228038591145,4.426615022824734,2.6697599057298573,3.3986111621413087,2.748888990699592,3.197310605022518,3.1868592136652523,3.2664912439887486
Armenia,7.079943156959372,7.343272903009173,4.478886494211141,2.6671733403982207,1.9429515321908697,2.1601635383665245,1.840154055298681,2.0586764274527214,2.0587443396593614,1.9002790529035098,2.0654177079271316,2.10772265647792,2.007267031776125,2.1339073234771555,2.2994519639485924,2.5459017020308847,2.7110155457473732,2.980275283322223,3.191619248077892,2.8080803464153172,2.776895396192421,2.9306082037561847,3.2694932701485557,3.2337184690879637,3.2001065786568685,3.175461510090892,3.290026010278096,3.215850099956228,3.24893003823845
Vanuatu,3.4112229234180456,3.3838028636261095,3.351033664999742,3.4430303675278418,3.4119711444726066,3.3301419473005036,3.377571758841377,3.3730283505891374,3.258664958676758,3.3653501343381578,3.2979390584113664,3.118244903783647,2.990816131843426,3.166465621230398,3.0373843221978905,3.0102923328332105,2.985367036883277,3.554113658732184,3.3377837116154874,3.3008460589635344,3.2597283841907405,3.255610777307981,3.2464279272960463,3.1172434216422418,3.29685321045292,3.098167655129681,3.2695472216034434,3.117348922413038,3.143418467583497
Sudan,3.6356702081320686,3.5483429051953426,3.5840311500978963,3.5387329906550726,3.60777797511533,3.544756924342951,3.527505666928573,3.5519915233829407,3.5763270214338996,3.5847729511097812,3.6480267896422,3.424251415131423,3.521363998324182,3.51249776098634,3.5049757582439165,3.5709769142093797,3.4849539938065477,3.5614275487128353,3.5244109315539554,3.515296497765984,3.3920958897281097,3.291402161649233,3.3583117497450736,3.2805939596016516,3.233216835888533,3.254509144139925,3.2795086197898873,3.201399697226876,3.1417508812834902
Tanzania,4.0882646173711255,3.962143187878851,3.829205847038582,3.716041235256141,3.6026556639508924,3.636531907447666,3.323422081534994,3.234074164360663,3.288727570660265,3.212448106372146,3.0532093370532656,3.132684029409889,3.223735021490152,3.3818798716861553,3.2862699033482445,3.360960062676196,3.14953733205565,3.131651071339306,3.1225253228226233,3.0960794524192536,3.0906588140871984,3.0985130990560834,3.1570759742522867,3.1532616333449743,3.130869441963655,3.2084602968480365,3.3414244968037337,3.219335699399629,3.125541389370538
Honduras,3.608256368633032,3.5362690184784276,3.502598920772433,3.3757129594751314,3.402433857532814,3.4419277598042393,3.2732951204923255,3.230393019572245,3.2248704063481397,2.981019643153034,2.9690425598257515,2.889551878045804,2.887751330696306,3.2154463004285057,3.0935253872982567,3.1130253431366373,3.0913136052510417,3.110704717411238,3.0585312158757945,3.004620416696316,2.955226633300739,3.118857354430723,3.050681588928294,3.0925641618980637,3.0785279209752936,3.0648846953726276,2.9803272513659564,2.89956025103786,2.972613468567429
Somalia,5.912729933153765,5.47702194080692,5.197810120925846,5.455268167915642,5.680498798794237,5.679658958837757,5.6035111692100275,5.476226297932416,5.264075664742861,5.078566380568638,4.919834314858125,4.812381874312255,4.698287135439388,4.5734198421828856,4.464844948066934,4.376436317299674,4.134187744520947,3.91963193185057,3.81760834339137,3.71830934951263,3.637530278848538,3.5551806455965655,3.483940489263211,3.40408632738431,3.3240037244932816,3.238337274711601,3.14825525963413,3.050208836489271,2.9677060411874154
Mauritania,3.5343036364985916,3.558575688462265,3.4023368313463034,3.4250033431307534,3.3074412995672837,3.254625847693884,3.388259092249989,3.4352865567292783,3.45723148267959,3.5954315767119094,3.653690931204536,3.604197002299803,3.531194195163092,3.499991250021875,3.4124397889798948,3.372795035245708,3.383776127057741,3.369230154328852,3.094437687581324,3.2445258571913547,3.3140633049052717,3.2428863522558204,3.2779764498300983,3.180094182130333,3.2130095596574213,3.279536090219618,2.9350080652676622,3.0075314378101807,2.9636782494631313
Bulgaria,8.88706488165281,7.0652695836495365,6.4741145486199105,6.3784234600397784,5.915729456815234,6.090838914322239,6.133094243500941,5.7530809420712155,5.34348352978992,4.479562089312578,4.461350385279527,4.647189424285398,4.42251983849764,5.10075010350047,4.956679271102495,5.003282424847616,5.0466897740856425,5.618038582234487,5.367990998004554,4.418060558728168,4.639245583758665,7.0043144508519495,6.2593349364238815,5.602113662343955,5.996729207808816,6.4070852136760825,2.9995137364541375,3.338069095203794,2.9224045368017273
Chile,2.372196501036527,2.283765664302009,2.417670555105031,2.4854904297144755,2.719120371618765,2.9247199611928743,3.3008013029356156,3.7676954371118474,3.835025533899116,3.984092385041523,3.7315013671308503,2.353037925995894,2.3768820675660605,2.4480037381269453,2.7724057213462503,2.794957804664768,2.895226373989751,3.361725607571257,3.613184021910127,3.334086611871575,3.5147188890089045,1.2394403857027072,1.3430757376902398,1.494464534097267,1.129006982331013,1.4096220254081449,2.8859241151882973,2.9809801447556596,2.8954839740328
Syria,4.946904139490966,5.159417575729202,5.113868114220944,5.000341317710467,5.115233978228429,5.263674836922626,5.32595985888172,5.2117558338848875,5.285395998919972,5.084303776347584,4.964399460917526,4.873392297940752,4.823049117604434,4.736663012007777,4.770070968267754,5.218619415377379,5.248368286339809,5.198644931494748,5.052739694571782,4.685494438262457,4.627726636077609,4.342605432340879,3.7683117469217096,2.931792511221257,2.683489686736116,2.510361073601086,2.645777259908024,2.8504295444653263,2.80140609695025
Burkina Faso,2.9576554758108387,2.930358893827086,2.8847674169715103,2.8348679970097796,2.8054565620790286,2.7701023203447415,2.684923762626131,2.6655910542651706,2.663026740945755,2.5818297328936275,2.6249249329188244,2.7049905191379966,2.687687244312804,2.8851114027568103,2.847917083634676,2.817030480329401,2.7376908221482226,2.7090879481090027,2.6862313623978666,2.6504022363503625,2.649755905254982,1.941311093859158,1.9268308755427774,1.9329001333173936,1.9032153307605713,1.8894995068086033,2.8868920727112815,2.8525674357362147,2.786628597593718
Lesotho,1.9486346937972965,1.9397039024776563,2.025490886974242,1.9810814948878768,1.950225726539671,1.8961359908732653,1.850804479567222,1.8444615848955364,1.8272621505423714,2.049776901093808,2.0021595775295715,1.99927495581455,1.9410473379077677,1.991720980699629,1.9890795048538026,2.09406772655884,2.145800888773642,2.2446734302133042,2.279669674354471,2.3917975413728216,2.4654548187865655,2.5501636147047124,2.620362999680395,2.607802307880394,2.63769863485638,2.6274750353446388,2.616815764122251,2.7635245360816856,2.7747118924151715
Afghanistan,1.0320398836284395,0.9564617412295767,0.7759460587704582,0.7011620258992435,0.6383329600940001,0.6128986339648987,0.6402013340374311,0.6705540894862182,0.6951139870410893,0.7218338426740335,0.6111658460120971,0.6303515084376391,0.7181169990018926,0.7153453097227715,0.6737659053341108,0.6852659326863041,0.8016476943379006,0.9235977642070775,1.1431238288075933,1.3062248074524616,1.5428888670134986,1.9400737998362476,2.1353356067886344,2.3108442151980104,2.52915692411846,2.717239459059256,2.700447231367536,2.6865137149266487,2.666259764561004
Eswatini,3.1613901848562116,3.1351040558782017,2.987329800056517,2.6247428765830128,2.95277108752322,2.891557945526501,2.6969686072854113,2.9893628505235537,3.041058369951894,3.027849170862233,2.9340621742693687,2.7130804018910664,2.728020301181292,2.757148052984173,2.7477693861463703,2.794556436940543,2.673500016890343,2.8676901475182013,2.7334687051168247,2.6478492844187307,2.6295005545428847,2.6491820650374196,2.686964054906721,3.155929605287976,2.58442296136516,2.599548203956748,2.782779799532134,2.604889012169188,2.6402082596275194
Morocco,1.435858349228081,1.4568252997665476,1.4798877229992442,1.443307419815957,1.5354827609334216,1.5381050523528061,1.5421711315497173,1.5921700542825865,1.609010344090224,1.6668128598249392,1.6864816686110753,1.8121065264571845,1.8526713759216886,1.8423333348106918,1.9777390789686375,2.055125364124774,2.1201317760422773,2.1428798341145314,2.2113843040609664,2.2017541560145455,2.3099005348358106,2.5312779689743046,2.557916518485196,2.551036675638252,2.572797114489735,2.6203273473436464,2.5394096737957463,2.6350952131904726,2.6400889570091546
India,1.1617952513642225,1.1998116824340466,1.211548990816213,1.222595722929626,1.2485381955078032,1.2934648675199731,1.319539756357505,1.3534218824100184,1.3624054561286483,1.413494989992632,1.4247916325998489,1.6323533456360795,1.6254752245104878,1.6423589617269203,1.6945558034291048,1.7318341001031636,1.7889356709730702,1.8866988937413602,1.9405585730075212,2.037444842168492,2.0991003327821183,2.0992764291554122,2.189977300822825,2.2097571262020623,2.3175657765587245,2.3030832278936906,2.3326385518950397,2.405300555377752,2.487849183995973
Guatemala,3.240842795920273,3.203247908369469,3.258573006966117,3.2582209562030755,3.208959342754118,3.2439675521586624,3.214405090205489,3.1886212197922177,3.4654404246160335,3.2702453294018485,3.4099063820211652,3.052672499371397,3.0648236125272668,3.137249469083957,2.991616220268744,3.1054288859102033,2.995459887855673,3.051120288710773,2.892432867208145,2.9528170689112074,2.8899652566006533,2.4694393112564357,2.4759940202714907,2.522603558193805,2.557114331103578,2.7172134314622096,2.4798312324792815,2.401255440742573,2.465903425409633
Benin,4.089594252392644,3.9829140560551943,3.867358239845606,3.7578591322587123,3.6820455653138713,3.5356559386827855,3.6476875334740555,3.5802729349195848,3.655176943792961,3.5158525484753986,3.4416233393038627,2.5675707756465984,2.61808811031609,2.545024596585678,2.4761280737568745,2.548162335229171,2.5739656096288464,2.602075273306611,2.5112353058527077,2.533340085925619,2.5491197438400985,2.4680712440738546,2.4020341127901483,2.404895191149186,2.3914051731537747,2.3893807485314342,2.476988746947224,2.425909102948746,2.4579811903054716
Guinea-Bissau,3.486231947214347,3.418470971066302,3.3615817271081676,3.316015299672903,3.263484144437307,3.2327685172429628,2.862711383778869,2.8520845382581093,2.9973006968290985,3.236677588683692,2.9134982373335663,3.0070776339433056,3.053121118829387,3.046839507923731,2.9844110203944902,2.8849063632260687,3.0343021322868617,2.9542097488921715,2.716084194463335,2.6955631031322445,2.74529867601732,2.6295652708004376,2.8162327155274736,2.60881329936618,2.5938988426720586,2.665197641962069,2.4797552111326424,2.4286900499194264,2.3848852694120057
Kyrgyzstan,7.262251776279832,6.631418585894793,4.845639367497896,3.7438838089755797,2.5935195233771124,2.0129813174282956,2.195143029988765,2.1207733583170087,2.132522541413294,1.8180315676390377,1.7883390494855462,1.848294271096641,2.0277716552788188,2.135506513592291,2.147040962250475,2.1055282222136134,2.1922428330522767,2.389719839040316,2.6171808900671216,2.537477012241562,2.415609684465574,2.3863924854023866,2.7981880439435014,2.6715154905937477,2.687001970696598,2.7766119961725058,2.232091454889382,2.1038365977219193,2.353387739609034
Mali,2.0710267499732247,2.02072183658023,1.9750667036972842,1.9467000353135124,1.9218217070083181,1.9059720457433291,1.904941004261721,1.949602961573702,2.303928627823736,2.360250746574935,2.299376016768179,1.9872949748141413,1.9531905699373928,1.9594929086051782,2.0850381895885852,2.093850037599285,2.0494755205826873,2.0510634214448205,2.088768702025808,2.0382092918614894,2.117699154089824,2.1167168226714037,2.095811306141647,2.1149123876722555,2.0880805030620553,2.112534070632955,2.2955174844512642,2.286571902585015,2.302681840709245
Philippines,1.60674898553068,1.56662732369198,1.5659767120714811,1.6124599032367888,1.6903574355765547,1.825201209553691,1.9156395103688155,1.9954572914287394,1.8625453079747727,1.9002717123894217,1.8839170401046357,1.8396475718729295,1.8227680953763314,1.8228345456465391,1.8325935907105024,1.815438504331666,1.7038600251966478,1.7512348963120627,1.7563976365879959,1.7480005039487403,1.780416364999785,1.775137731696674,1.797297160094584,1.8822399865490134,1.9253204683085356,1.9875979606398804,2.0844303892664104,2.2192024123776117,2.249947150245406
Senegal,2.624129287329003,2.5788140369489896,2.576942187134313,2.5307688371190125,2.5245045955202334,2.5097365927305093,2.608586772030385,2.6131118197202547,2.695828109720632,2.8687231527486916,2.832288414531895,2.668366662674413,2.5409157448675543,2.4408360503800703,2.5901736581929136,2.606824108262821,2.5715428343304394,2.537845644565733,2.5490016410239322,2.479105952351227,2.504309976626703,2.3738254972796144,2.2780199059990345,2.3254246403155783,2.2977493767081443,2.3205484808055727,2.3523504896850733,2.2517156036498025,2.206338157338023
Sao Tome and Principe,0.7549638875607116,0.7380134318444596,0.7224621510106443,0.7082933278768514,0.69537805386862,0.683480281593876,0.6726507671955695,0.6625880689975042,0.725399876682021,0.7144694349975708,0.8435022212225158,0.7598784194528876,0.8816547982366904,0.8643329676540009,0.9106520268512255,0.8255435887014835,0.8040772903832356,0.8418672615861982,0.9934432743890323,1.0234425194880512,0.9979375956356863,2.1677749416055625,2.1762901153964562,2.2386971823653137,2.1969375712088777,2.1560477138373138,2.165130572135754,2.1247211303516416,2.179764206376284
El Salvador,1.5882129928346358,1.7183963879981805,1.777957645467122,1.8595830818373191,1.954362489473052,1.977400427317476,1.942022969298638,2.0656813581219735,2.0663138409911133,2.0838915185615194,2.044861267032726,2.137674685730608,2.15526675912789,2.233872615874843,2.2776316813918656,2.319846718276096,2.386750655287245,2.499258902586225,2.392458813258886,2.3223039593820918,2.270420320455921,2.2510022031804824,2.2523526264034723,2.156054283414373,2.193761393739027,2.256083322358576,2.2545140232188197,2.1242543194214765,2.1773191252098667
Pakistan,1.5608290724210756,1.5262868103968223,1.5656942939884555,1.608039445648301,1.6194377191271547,1.659114970907117,1.6665973952442752,1.672472874334971,1.6568870015153079,1.7029441919139547,1.6728537738157119,1.6465448780616925,1.6523604411229325,1.6634293068117234,1.736319690859775,1.749737921398309,1.8281624146171152,1.8850698428120034,1.8614732959910791,1.8812639363566377,1.8078341669042641,1.806205391935716,1.7879633516904156,1.8060679543642395,1.8367168170778945,1.8733676385257714,1.9590303175116115,2.040391193702199,2.0778568406488773
Niger,2.313559727465903,2.306744125976219,2.300749652173578,2.2956341079762903,2.282861978142987,2.274957064005111,2.271385830297356,2.2489250550883475,2.2606327495894067,2.2397232111994945,2.298888917422763,1.9019068765123777,1.8999198358521765,1.9046515163722153,1.9031055665914007,1.901724793192016,1.9011636691228608,1.9161883459249742,1.927097741623731,1.9440601734594,1.8792488471075572,1.9018660490325021,1.9673834682132703,1.9935920795002802,2.033764545470516,2.047329764530079,2.0549537541604757,2.0562541511614363,2.069703238419431
Cte d'Ivoire,5.876792146968777,6.143627080946392,6.369596769636481,6.573416182689733,6.778815499003381,6.552928116596909,6.329301659549441,6.19271818294413,6.0136989174764635,5.929179302660902,5.731507062437024,3.484240546223536,3.368822715138793,3.1409781567356054,2.9437144545784024,2.9120903398526563,2.741681460122931,2.627893329855904,2.5135716547462437,2.353041233508085,2.2490686187036792,2.1418396195818925,2.1371698246657522,2.141934902021079,2.0916057067587346,2.097205270542494,2.106392022474674,2.066498277747599,2.006444076095528
Nepal,1.0917469432143485,1.0847436804791382,1.0497372848126336,1.0668632896685613,1.0921586572893107,1.1216127642128035,1.1262835467719121,1.1436909790366712,1.1700991526756044,1.229265659238797,1.2384560959377846,1.1192292079968578,1.072167033189252,1.1072179285575308,1.102310418245763,1.1210161393695741,1.0987203705633939,1.0980727969578115,1.1456286803321356,1.2144981996598587,1.265307003348399,1.5827688247793554,1.6721528198728675,1.7126853327077016,1.7888215341852232,1.741252731395886,1.9329922904051324,1.935027515606339,1.9575940983449716
Djibouti,2.405177568162224,2.372936657422101,2.3250142264856515,2.3605344508685473,2.3458940427145527,2.442951529620787,2.4702904844099813,2.4210950007414604,2.395420778438274,2.4000925749993214,2.4248268826899415,2.387386957227575,2.342870377684093,2.330054144139519,2.2680174546623313,2.234285947745797,2.1143937353534183,2.135436324268489,2.1069110356815184,2.089826290739533,2.14236235916943,2.061684185125183,2.154040380769833,2.139713074665797,1.9917503702541541,2.03501539390677,1.9265603793709511,1.8748013981569749,1.9083909761263418
Ethiopia,1.9767012368728745,1.9439638511415527,1.9158522009868972,1.7644998393487066,1.7478844572441818,1.7288978144088234,1.7380071857443466,1.7671255113662696,1.822174808348485,1.7980197630797738,1.7051011804352656,1.752655707673108,1.841690203414241,1.7713588865246908,1.7549954668341818,1.7571248695582014,1.7778240969570274,1.8609386134077348,1.8673061811440645,1.870264730159141,1.8811053341168724,1.85356260768258,1.885751010423266,1.9023797390875599,1.9334463837763236,1.9345378455333562,1.9481009423034623,1.931486305732957,1.8949976475038868
Sri Lanka,1.7528803483412483,1.7142141542765366,1.7979540534504848,1.8120119095152214,1.8453147629491744,1.8401662409580661,1.8200834200363798,1.6739847555860443,1.523329757530396,1.4718731576469384,1.420308850872683,1.2817443906629997,1.3303623306856884,1.3769220989806719,1.3802954977453368,1.5057568722989239,1.4124711863747608,1.4227364882367965,1.430645661045365,1.3755057020873298,1.4332432884089212,1.505503150820531,1.597062423500612,1.481175613310663,1.6368274136105496,1.7634716261325702,1.9237843701363015,1.9282783062861406,1.8772496538994001
Nigeria,2.640725970575236,2.6857413723310093,2.7396697348651444,2.6723270991465293,2.5932225518409693,2.4833175061637585,2.5217589812859966,2.370840343694376,2.242439231930003,2.1190666061658283,2.0352646232041773,1.9956290428654004,1.9793760585810707,1.9893763361289076,1.9668132865682801,2.039318557228533,1.9508440204897906,1.886770908270851,1.8691735312943025,1.6980405221478818,1.7894275612840456,1.8531977012019527,1.8310840866330904,1.8651557211158525,1.870242504729077,1.7970330973074182,1.7905440046637064,1.781234433550554,1.841177179174532
Costa Rica,3.7154152224953485,3.6819782622749004,3.9829302987197726,3.9350021854533614,3.9261842664092383,3.7878745144582298,3.6835545806157484,3.5924099047258475,3.7330177268393196,3.6263701193279094,3.510526152410338,2.7887440835244965,2.799370483027963,2.7521263538192238,2.750194312352017,2.898142202177387,2.9157128848965383,3.20572053109617,3.1793880652628217,3.0017216211774227,2.9886150805779126,1.642533723742663,1.6083607455029358,1.6849036220366838,1.6640982276728273,1.6357918686910882,1.8165726947488394,1.8222387880293862,1.8382047760120477
North Korea,8.155498700861088,7.666497275894577,6.870478278422921,6.319527023443052,5.791089146949304,5.364485895811511,4.7708568748364115,4.361712687242591,3.9455548922440205,4.082885972618577,4.1907485333688514,4.088102433140699,3.927684166376993,3.949039423876053,3.9894255783360877,4.076276742879181,4.1397029607232065,3.599256335596546,3.914004125767586,3.22412411158515,3.0820193540713126,2.552952589575037,2.6051749152582286,2.1681140817104234,2.320236263425115,2.0556839801027897,2.243193909829295,1.9394556374297007,1.773021470468077
Tajikistan,3.380136041959109,3.1459257761493276,2.542485311195477,1.9934503980375151,1.5231101592504115,1.3981389833413302,1.2646645545629267,1.289908871137767,1.2625686552814275,1.163462569186805,1.0874585305893558,1.0160623311508568,1.0051563274824211,1.0135212602517751,1.0791921398789113,1.0737455514677616,1.120967730285919,1.196431886141595,1.2219268885497268,1.1500726704714566,1.1318653712564914,1.139329915516803,1.2114534927575653,1.2370061622014095,1.392250026294017,1.4206260951152345,1.5697907618967921,1.5911678361130912,1.6668778191744131
Uganda,1.9614627879565953,1.925526194452858,1.881835188518618,1.8439729774521112,1.7738109618688238,1.7606291863625014,1.746318621989627,1.7658419667489742,1.787734098396795,1.7348943722936934,1.6807497996102267,1.6224544747146805,1.6112202277395224,1.633529886803384,1.5901540939477206,1.6218408869338503,1.5532974758916016,1.6268552873729476,1.8135673767390317,1.7904501008178766,1.822489857890197,1.7887029251207374,1.7914447013342516,1.7599340671882986,1.751214322462385,1.7349699010713986,1.7415243440260406,1.7047805856535887,1.6621017766094022
Madagascar,4.806595114068046,4.677291581905061,4.5710474746730805,4.468473710913576,4.333969257670582,4.233639617308662,4.153870288620977,3.9803845312123203,3.940227125901095,3.8010736969887957,3.6037736495267336,3.0133572286411856,2.7825625128167872,2.8519939564118326,2.7141505203170344,2.8641978648092064,2.70335188621558,2.6932845928066556,2.546948772373692,2.517852615438243,2.4764037209407874,1.858906170308366,1.844572524344934,1.7494685287074196,1.7058149935966231,1.7029736635349888,1.6859233633950166,1.592068300864226,1.5786880614818657
Andorra,0.36691861745064946,0.35294532876857376,0.3396623755986549,0.49201298914291336,0.47865211564235116,0.46977763858440336,0.6214750710812112,0.6219098852576261,0.7795447458684128,0.7767834949043003,0.9175714941122496,0.8909479686386315,1.1420740063956145,1.0931948619841487,1.0491803278688525,1.014314513572796,1.1111797024507686,1.2094530853148207,1.1924636298592892,1.1839784042339068,1.3024841925782082,1.3134642021302,1.3345141761801351,1.3618917915067477,1.3886609521164455,1.410382983088226,1.4231192185781745,1.5585022793095835,1.5582796592561812
Gambia,5.4311711551441775,5.389499642882688,5.323725323024577,5.259878532625858,4.688275381801999,4.111372108416174,3.7024596874299354,3.340213673718599,3.020699057606508,2.9049782400686546,2.534704198502248,2.0660701287433736,1.8657473706848362,1.7449178405779608,1.6304449511000159,1.483405614269196,1.5143479758005938,1.5245334013071958,1.5923868517387207,1.7640869815552354,1.7622137866461,1.547500137976411,1.5485401728065846,1.5480916714705037,1.5661769028925854,1.5293452101291556,1.5029309480004505,1.4725145670536157,1.4823963243588416
Malawi,2.067095759168032,1.950968302129472,1.8439033596414776,1.761010304999776,1.6263591257473171,1.6557606554293,1.6432561694690984,1.6064443259392733,1.5958538125885764,1.5569830459286966,1.523937524481442,1.5150453538273834,1.5332522371524604,1.5566429278620169,1.53391725154544,1.5428542010700186,1.4876257670040443,1.4698157850869986,1.4612578370513944,1.3922548023058343,1.4106294055087727,1.4062180234108568,1.4211474271580753,1.421781169821596,1.4444843473269673,1.4589163947745354,1.4536258199748646,1.4391467031514595,1.479892069845394
Kenya,1.4988677984270653,1.3910120638386045,1.3563093854240371,1.3135030214969519,1.2957084148469484,1.2561087199549903,1.2056892583055796,1.1714848485466585,1.1841131290179516,1.226415340057095,1.160347693853539,1.7047926806187508,1.6846535879951219,1.670473941976219,1.7044912277491846,1.6707214220971052,1.639882494743093,2.033796678307776,2.004423805558426,1.9615274614578069,1.942628390249371,1.7995162844643846,1.7375726738925183,1.7271534310225842,1.744751393590197,1.7640545132528511,1.5092291410843017,1.4205171662152034,1.4305569851828777
Sierra Leone,1.7639856631023507,1.7522627069515389,1.7503398902460987,1.7833362016093917,1.786634120535155,1.7007620668720127,1.5187842306140527,1.5131611574298867,1.524597602090981,1.423009366763073,1.424342959099763,1.4619055802513594,1.4841605632157753,1.601592286516208,1.617594421783605,1.544557745469991,1.7515147772265338,1.5743848420965463,1.410265001021423,1.434780841212007,1.3654141226216698,1.4276489744848504,1.564225769323477,1.5224414424586337,1.566162231320879,1.570014343461413,1.5091052534055156,1.4542439954345552,1.3842867635649971
Bangladesh,1.1184240694397218,1.0942325516428284,1.0874788630151504,1.0754808393002449,1.07479589522169,1.096466731468881,1.0778587223432787,1.0747285813080898,1.0515734974395516,1.062148465861656,1.057984192152615,1.0800322416913215,1.0858400367632148,1.0798150786816847,1.074120999241465,1.0924547654212498,1.1167237531988987,1.1216148371284667,1.1673952804300227,1.179374622386826,1.217411301784898,1.239941810292534,1.2490916487256811,1.257843824736028,1.2746138565573057,1.3180269668125417,1.3084170634271028,1.350906041698071,1.3785136396971973
Togo,1.8519941393261286,1.7602908414656182,1.63714152049392,1.5710922988182805,1.6162635917211388,1.5947782134366926,1.6740219388853221,1.573804404646067,1.7398996772982598,1.7571549151702086,1.622530717410384,1.1910944063796833,1.2487877715007003,1.3488089304282853,1.2802294171115465,1.4166973914769703,1.2684627706176823,1.182360532129803,1.2213530652263358,1.427008210096563,1.3610158348119197,1.388733279674054,1.285835276972019,1.227942860684131,1.1557864201960297,1.2057633027918815,1.2290358180718066,1.1768563024681769,1.1953208828135546
Haiti,0.7402760618734384,0.7550207136171607,0.7924048270569634,0.7291556645476474,0.6445402573267784,0.7437527672832455,0.7645190148430796,0.8031657431505839,0.804924474107855,0.807782600699357,0.8506815258674529,0.8595845418820952,0.878440711763155,0.861787295165407,0.8356285485198431,0.8319477506362225,0.8261293144924485,0.8530503817874375,0.8417499691600225,0.8328191151582672,0.8744317952245573,0.956405341612939,0.9179662083078965,0.9374394269908713,0.9545922189643063,0.9742378598930022,0.9769394323382266,0.9660941033931938,0.9556617022303777
Kiribati,0.4143989833411609,0.4070998208760788,0.401246539248599,0.5283248140957061,0.5217300568685762,0.5146945287971589,0.5069451485349286,0.7482416321644136,0.49044851516712035,0.4821077751931444,0.47390557431431785,0.5824518894739295,0.687222247674898,0.6753714542998649,0.8839974364074344,0.9748805771293017,0.9539860718033517,0.9323429779034714,0.9113001215066828,0.891724793912492,0.7772272418148256,0.7638325297178593,0.8461907313908555,0.9268957334989387,0.9141854150858877,0.8113443976669341,0.9775257933510473,0.9636190025667306,0.9495692408625541
Burundi,1.5333816636602702,1.520236668144375,1.4932542371748545,1.4694585459190272,1.434150132124895,1.4464567155344106,1.4323172351656983,1.4276077116951127,1.4162006892176688,1.3961729224787351,1.3607423633429803,1.0052798647040415,0.9695533402007542,0.933543161029248,0.9086207921602852,0.885285349057015,0.8780404450666088,0.8585354834623171,0.846654190002983,0.8371378649364388,0.8495083801638755,0.29246274393011434,0.28769222383060683,0.3176000088886075,0.3016973983221358,0.29035335905371973,0.7875665927599937,0.8229418833085035,0.8062366385963285
Comoros,0.7774576164121303,0.7549431079592236,0.7790053476425923,0.7567832261223763,0.7571168988491823,0.7362314206742196,0.7367613200306984,0.7371178691316951,0.7567202579833987,0.7563538450193154,0.6822062180331073,0.6835823311956395,0.7199550467092787,0.7372949505583724,0.7367345913634613,0.768444716942571,0.7343233928294916,0.6701744323778412,0.669479494908152,0.6832518629753243,0.7394562241915279,0.7359413964204943,0.7459954549536171,0.7417287133973738,0.7242655289113631,0.746043077556323,0.7792890118992405,0.8232070672941061,0.8049769199901
Liechtenstein,1.3893713094824591,1.3714599190838648,1.353546291283162,1.3339113615900224,1.3151405556468847,1.2951690195570522,1.2757542897237992,1.2566760917373547,0.9286200705751254,0.9156111704562796,0.9040501446480231,1.490623975196017,1.4755791648221928,1.4631862343439073,1.4516316339565671,1.728210150354283,1.7155110793423873,1.703722633955192,1.691618032648228,1.6795901799960808,1.66685187243027,0.8264690487341249,0.8193363375665711,0.8121277747698972,0.8060399258443268,0.8007473642065929,0.7967069446288674,0.52903055151435,0.7911809694604146
Yemen,1.1793352119007476,1.2347458289123499,1.2544235800137362,1.0664451042615117,1.0421317062836415,1.100359122081056,1.102184885987539,1.1536288041895693,1.2060565925035072,1.275917480110846,1.3177038567997108,1.3639634276981347,1.341380604872649,1.4564128808842307,1.482080743103821,1.4974574554980113,1.4733429339091617,1.5157983685573986,1.5480435474836207,1.6814363036753905,1.5759114697937633,1.3890530522498166,1.3108229189378608,1.5580317930742902,1.5311641866505408,1.000079968658626,0.8509945999386783,0.8015143339755387,0.7754744315728554
Ghana,1.5588961526063891,1.5301801233087138,1.5351351420415253,1.5204799774703237,1.50950897061934,1.50522585499591,1.5204005107171343,1.5612282041570549,1.7219440110531266,1.6372207030385169,1.640658026801391,3.3729938493983553,3.364058832059624,3.3170591973863712,3.1853589320360234,3.2221468803897264,3.199866732543735,3.1418816260933546,3.0593495998443716,3.04042750835166,3.0440345035237435,2.456700215572785,2.5107270399262913,2.5605426651690015,2.519423695144958,2.5569852034903837,0.5909006150457341,0.6366438170828225,0.6802810672773453
Rwanda,0.8478665386726608,0.8738089941060948,0.9131276876279703,0.9626808698548058,0.995577513289949,0.9800410863378504,0.9728739461363768,0.9252483450671646,0.8789567415407594,0.8371951403221708,0.7940821469157849,0.7593106674037042,0.75708482470935,0.7467430783110284,0.7292193229066106,0.7081271733056417,0.7231839733585217,0.7235469457422821,0.7275948046581187,0.7165659624012422,0.7211630886419005,0.6033031283453085,0.596227293598244,0.5910352440143114,0.5792326682894203,0.6165853905677037,0.5818921504462873,0.5717404949186042,0.558447188413497
